Using pre-set license
Built from '2021.2/staging' branch; Version is '2021.2.4f1 (99ba6aa4c552) revision 10074730'; Using compiler version '192829333'; Build Type 'Release'
OS: 'Windows 10 Pro; OS build 26100.9445; Version 2009; 64bit' Language: 'es' Physical Memory: 11941 MB
BatchMode: 1, IsHumanControllingUs: 0, StartBugReporterOnCrash: 0, Is64bit: 1, IsPro: 0

COMMAND LINE ARGUMENTS:
D:\unity\2021.2.4f1\Editor\Unity.exe
-adb2
-batchMode
-noUpm
-name
AssetImportWorker4
-projectPath
D:/Nueva carpeta (5)/DECOMP 1 PYTA/ExportedProject
-logFile
Logs/AssetImportWorker4.log
-srvPort
49470
Successfully changed project path to: D:/Nueva carpeta (5)/DECOMP 1 PYTA/ExportedProject
D:/Nueva carpeta (5)/DECOMP 1 PYTA/ExportedProject
[UnityMemory] Configuration Parameters - Can be set up in boot.config
    "memorysetup-bucket-allocator-granularity=16"
    "memorysetup-bucket-allocator-bucket-count=8"
    "memorysetup-bucket-allocator-block-size=33554432"
    "memorysetup-bucket-allocator-block-count=8"
    "memorysetup-main-allocator-block-size=16777216"
    "memorysetup-thread-allocator-block-size=16777216"
    "memorysetup-gfx-main-allocator-block-size=16777216"
    "memorysetup-gfx-thread-allocator-block-size=16777216"
    "memorysetup-cache-allocator-block-size=4194304"
    "memorysetup-typetree-allocator-block-size=2097152"
    "memorysetup-profiler-bucket-allocator-granularity=16"
    "memorysetup-profiler-bucket-allocator-bucket-count=8"
    "memorysetup-profiler-bucket-allocator-block-size=33554432"
    "memorysetup-profiler-bucket-allocator-block-count=8"
    "memorysetup-profiler-allocator-block-size=16777216"
    "memorysetup-profiler-editor-allocator-block-size=1048576"
    "memorysetup-temp-allocator-size-main=16777216"
    "memorysetup-job-temp-allocator-block-size=2097152"
    "memorysetup-job-temp-allocator-block-size-background=1048576"
    "memorysetup-job-temp-allocator-reduction-small-platforms=262144"
    "memorysetup-temp-allocator-size-background-worker=32768"
    "memorysetup-temp-allocator-size-job-worker=262144"
    "memorysetup-temp-allocator-size-preload-manager=33554432"
    "memorysetup-temp-allocator-size-nav-mesh-worker=65536"
    "memorysetup-temp-allocator-size-audio-worker=65536"
    "memorysetup-temp-allocator-size-cloud-worker=32768"
    "memorysetup-temp-allocator-size-gi-baking-worker=262144"
    "memorysetup-temp-allocator-size-gfx=262144"
Refreshing native plugins compatible for Editor in 4.62 ms, found 0 plugins.
Preloading 0 native plugins for Editor in 0.00 ms.
Initialize engine version: 2021.2.4f1 (99ba6aa4c552)
[Subsystems] Discovering subsystems at path D:/unity/2021.2.4f1/Editor/Data/Resources/UnitySubsystems
[Subsystems] Discovering subsystems at path D:/Nueva carpeta (5)/DECOMP 1 PYTA/ExportedProject/Assets
GfxDevice: creating device client; threaded=0; jobified=0
Direct3D:
    Version:  Direct3D 11.0 [level 11.1]
    Renderer: AMD Radeon 760M Graphics (ID=0x15bf)
    Vendor:   ATI
    VRAM:     5970 MB
    Driver:   32.0.31041.1004
Initialize mono
Mono path[0] = 'D:/unity/2021.2.4f1/Editor/Data/Managed'
Mono path[1] = 'D:/unity/2021.2.4f1/Editor/Data/MonoBleedingEdge/lib/mono/unityjit-win32'
Mono config path = 'D:/unity/2021.2.4f1/Editor/Data/MonoBleedingEdge/etc'
Using monoOptions --debugger-agent=transport=dt_socket,embedding=1,server=y,suspend=n,address=127.0.0.1:56364
Begin MonoManager ReloadAssembly
Registering precompiled unity dll's ...
Register platform support module: D:/unity/2021.2.4f1/Editor/Data/PlaybackEngines/WebGLSupport/UnityEditor.WebGL.Extensions.dll
Register platform support module: D:/unity/2021.2.4f1/Editor/Data/PlaybackEngines/WindowsStandaloneSupport/UnityEditor.WindowsStandalone.Extensions.dll
Registered in 0.215945 seconds.
Native extension for WindowsStandalone target not found
Native extension for WebGL target not found
Refreshing native plugins compatible for Editor in 1.97 ms, found 0 plugins.
Preloading 0 native plugins for Editor in 0.00 ms.
Mono: successfully reloaded assembly
- Completed reload, in  4.428 seconds
Domain Reload Profiling:
	ReloadAssembly (4429ms)
		BeginReloadAssembly (3116ms)
			ExecutionOrderSort (0ms)
			DisableScriptedObjects (0ms)
			BackupInstance (0ms)
			ReleaseScriptingObjects (0ms)
			CreateAndSetChildDomain (1ms)
		EndReloadAssembly (769ms)
			LoadAssemblies (3124ms)
			RebuildTransferFunctionScriptingTraits (0ms)
			SetupTypeCache (551ms)
			ReleaseScriptCaches (0ms)
			RebuildScriptCaches (18ms)
			SetupLoadedEditorAssemblies (154ms)
				LogAssemblyErrors (0ms)
				InitializePlatformSupportModulesInManaged (10ms)
				SetLoadedEditorAssemblies (0ms)
				RefreshPlugins (2ms)
				BeforeProcessingInitializeOnLoad (1ms)
				ProcessInitializeOnLoadAttributes (88ms)
				ProcessInitializeOnLoadMethodAttributes (53ms)
				AfterProcessingInitializeOnLoad (0ms)
				EditorAssembliesLoaded (0ms)
			ExecutionOrderSort2 (0ms)
			AwakeInstancesAfterBackupRestoration (0ms)
Platform modules already initialized, skipping
Registering precompiled user dll's ...
Registered in 0.005864 seconds.
Begin MonoManager ReloadAssembly
Native extension for WindowsStandalone target not found
Native extension for WebGL target not found
Refreshing native plugins compatible for Editor in 0.12 ms, found 0 plugins.
Preloading 0 native plugins for Editor in 0.00 ms.
Mono: successfully reloaded assembly
- Completed reload, in  0.665 seconds
Domain Reload Profiling:
	ReloadAssembly (665ms)
		BeginReloadAssembly (124ms)
			ExecutionOrderSort (0ms)
			DisableScriptedObjects (3ms)
			BackupInstance (0ms)
			ReleaseScriptingObjects (0ms)
			CreateAndSetChildDomain (18ms)
		EndReloadAssembly (458ms)
			LoadAssemblies (59ms)
			RebuildTransferFunctionScriptingTraits (0ms)
			SetupTypeCache (276ms)
			ReleaseScriptCaches (0ms)
			RebuildScriptCaches (18ms)
			SetupLoadedEditorAssemblies (79ms)
				LogAssemblyErrors (0ms)
				InitializePlatformSupportModulesInManaged (7ms)
				SetLoadedEditorAssemblies (0ms)
				RefreshPlugins (0ms)
				BeforeProcessingInitializeOnLoad (8ms)
				ProcessInitializeOnLoadAttributes (51ms)
				ProcessInitializeOnLoadMethodAttributes (11ms)
				AfterProcessingInitializeOnLoad (2ms)
				EditorAssembliesLoaded (0ms)
			ExecutionOrderSort2 (0ms)
			AwakeInstancesAfterBackupRestoration (4ms)
Platform modules already initialized, skipping
========================================================================
Worker process is ready to serve import requests
Launched and connected shader compiler UnityShaderCompiler.exe after 0.17 seconds
Refreshing native plugins compatible for Editor in 0.10 ms, found 0 plugins.
Preloading 0 native plugins for Editor in 0.00 ms.
Unloading 58 Unused Serialized files (Serialized files now loaded: 0)
Unloading 26 unused Assets / (37.4 KB). Loaded Objects now: 721.
Memory consumption went from 27.9 MB to 27.9 MB.
Total: 2.101900 ms (FindLiveObjects: 0.044600 ms CreateObjectMapping: 0.006500 ms MarkObjects: 2.029800 ms  DeleteObjects: 0.020500 ms)

AssetImportParameters requested are different than current active one (requested -> active):
  custom:video-decoder-ogg-theora: a1e56fd34408186e4bbccfd4996cb3dc -> 
  custom:container-muxer-webm: aa71ff27fc2769a1b78a27578f13a17b -> 
  custom:container-demuxer-webm: 4f35f7cbe854078d1ac9338744f61a02 -> 
  custom:video-encoder-webm-vp8: eb34c28f22e8b96e1ab97ce403110664 -> 
  custom:video-codec-MediaFoundation-h265: 746d11721c4dcdbdad8f713fa42b33f4 -> 
  custom:audio-encoder-webm-vorbis: bf7c407c2cedff20999df2af8eb42d56 -> 
  custom:framework-win-MediaFoundation: 216162199b28c13a410421893ffa2e32 -> 
  custom:container-demuxer-ogg: 62fdf1f143b41e24485cea50d1cbac27 -> 
  custom:video-decoder-webm-vp8: 9c59270c3fd7afecdb556c50c9e8de78 -> 
  custom:audio-decoder-ogg-vorbis: bf7c407c2cedff20999df2af8eb42d56 -> 
========================================================================
Received Import Request.
  Time since last request: 95631.751623 seconds.
  path: Assets/Sprite/blue_mech_idle.png
  artifactKey: Guid(999705accf5b9f140ae1f5fcb654818f) Importer(815301076,1909f56bfc062723c751e8b465ee728b)
Start importing Assets/Sprite/blue_mech_idle.png using Guid(999705accf5b9f140ae1f5fcb654818f) Importer(815301076,1909f56bfc062723c751e8b465ee728b)  -> (artifact id: '0e9a7bd0838015ffe547e54ab3233953') in 0.194907 seconds 
========================================================================
Received Prepare
Registering precompiled user dll's ...
Registered in 0.005529 seconds.
Begin MonoManager ReloadAssembly
Native extension for WindowsStandalone target not found
Native extension for WebGL target not found
Refreshing native plugins compatible for Editor in 0.11 ms, found 0 plugins.
Preloading 0 native plugins for Editor in 0.00 ms.
Mono: successfully reloaded assembly
- Completed reload, in  0.444 seconds
Domain Reload Profiling:
	ReloadAssembly (445ms)
		BeginReloadAssembly (96ms)
			ExecutionOrderSort (0ms)
			DisableScriptedObjects (3ms)
			BackupInstance (0ms)
			ReleaseScriptingObjects (0ms)
			CreateAndSetChildDomain (20ms)
		EndReloadAssembly (294ms)
			LoadAssemblies (60ms)
			RebuildTransferFunctionScriptingTraits (0ms)
			SetupTypeCache (90ms)
			ReleaseScriptCaches (0ms)
			RebuildScriptCaches (16ms)
			SetupLoadedEditorAssemblies (86ms)
				LogAssemblyErrors (0ms)
				InitializePlatformSupportModulesInManaged (8ms)
				SetLoadedEditorAssemblies (0ms)
				RefreshPlugins (0ms)
				BeforeProcessingInitializeOnLoad (8ms)
				ProcessInitializeOnLoadAttributes (57ms)
				ProcessInitializeOnLoadMethodAttributes (11ms)
				AfterProcessingInitializeOnLoad (2ms)
				EditorAssembliesLoaded (0ms)
			ExecutionOrderSort2 (0ms)
			AwakeInstancesAfterBackupRestoration (8ms)
Platform modules already initialized, skipping
Refreshing native plugins compatible for Editor in 0.12 ms, found 0 plugins.
Preloading 0 native plugins for Editor in 0.00 ms.
Unloading 54 Unused Serialized files (Serialized files now loaded: 0)
Unloading 25 unused Assets / (31.8 KB). Loaded Objects now: 741.
Memory consumption went from 32.2 MB to 32.2 MB.
Total: 1.577200 ms (FindLiveObjects: 0.048500 ms CreateObjectMapping: 0.006900 ms MarkObjects: 1.507500 ms  DeleteObjects: 0.013800 ms)

AssetImportParameters requested are different than current active one (requested -> active):
  custom:video-decoder-ogg-theora: a1e56fd34408186e4bbccfd4996cb3dc -> 
  custom:container-muxer-webm: aa71ff27fc2769a1b78a27578f13a17b -> 
  custom:container-demuxer-webm: 4f35f7cbe854078d1ac9338744f61a02 -> 
  custom:video-encoder-webm-vp8: eb34c28f22e8b96e1ab97ce403110664 -> 
  custom:video-codec-MediaFoundation-h265: 746d11721c4dcdbdad8f713fa42b33f4 -> 
  custom:audio-encoder-webm-vorbis: bf7c407c2cedff20999df2af8eb42d56 -> 
  custom:framework-win-MediaFoundation: 216162199b28c13a410421893ffa2e32 -> 
  custom:container-demuxer-ogg: 62fdf1f143b41e24485cea50d1cbac27 -> 
  custom:video-decoder-webm-vp8: 9c59270c3fd7afecdb556c50c9e8de78 -> 
  custom:audio-decoder-ogg-vorbis: bf7c407c2cedff20999df2af8eb42d56 -> 
========================================================================
Received Import Request.
  Time since last request: 183.337188 seconds.
  path: Assets/AnimatorController/Player.controller
  artifactKey: Guid(10ba5df72056ea64495678efc4c5de20) Importer(815301076,1909f56bfc062723c751e8b465ee728b)
Start importing Assets/AnimatorController/Player.controller using Guid(10ba5df72056ea64495678efc4c5de20) Importer(815301076,1909f56bfc062723c751e8b465ee728b)  -> (artifact id: '30b21538f073940254a9e62f2dbb5cb9') in 0.067086 seconds 
========================================================================
Received Import Request.
  Time since last request: 29.077545 seconds.
  path: Assets/AnimationClip/IdlePyta.anim
  artifactKey: Guid(cbd1389b30dcaed42975133c34717c50) Importer(815301076,1909f56bfc062723c751e8b465ee728b)
Start importing Assets/AnimationClip/IdlePyta.anim using Guid(cbd1389b30dcaed42975133c34717c50) Importer(815301076,1909f56bfc062723c751e8b465ee728b)  -> (artifact id: '35e4ebbb9e47761e79cacf526ba3c258') in 0.003851 seconds 
========================================================================
Received Import Request.
  Time since last request: 26.470603 seconds.
  path: Assets/AnimationClip/PytaRun.anim
  artifactKey: Guid(3005fc74573bf004fb0cf2a8581dfbc8) Importer(815301076,1909f56bfc062723c751e8b465ee728b)
Start importing Assets/AnimationClip/PytaRun.anim using Guid(3005fc74573bf004fb0cf2a8581dfbc8) Importer(815301076,1909f56bfc062723c751e8b465ee728b)  -> (artifact id: '89a61cfeef0ffb1d9623e921d3b7c549') in 0.001848 seconds 
========================================================================
Received Import Request.
  Time since last request: 20.075299 seconds.
  path: Assets/AnimationClip/HurtPyta.anim
  artifactKey: Guid(5ae9f2f61e24bec4aadf267ec4aebe6d) Importer(815301076,1909f56bfc062723c751e8b465ee728b)
Start importing Assets/AnimationClip/HurtPyta.anim using Guid(5ae9f2f61e24bec4aadf267ec4aebe6d) Importer(815301076,1909f56bfc062723c751e8b465ee728b)  -> (artifact id: '64b32300b27190f29bda18b9b7c63af1') in 0.001694 seconds 
========================================================================
Received Import Request.
  Time since last request: 518.935407 seconds.
  path: Assets/Sprite/blue_mech_run.png
  artifactKey: Guid(3a1a0c70a8f1f1642a52dac7f66875b2) Importer(815301076,1909f56bfc062723c751e8b465ee728b)
Start importing Assets/Sprite/blue_mech_run.png using Guid(3a1a0c70a8f1f1642a52dac7f66875b2) Importer(815301076,1909f56bfc062723c751e8b465ee728b)  -> (artifact id: '7b19072e5a1c18aea8a8e78891542041') in 0.039016 seconds 
========================================================================
Received Import Request.
  Time since last request: 50.037012 seconds.
  path: Assets/Sprite/blue_mech_run.png
  artifactKey: Guid(3a1a0c70a8f1f1642a52dac7f66875b2) Importer(815301076,1909f56bfc062723c751e8b465ee728b)
Start importing Assets/Sprite/blue_mech_run.png using Guid(3a1a0c70a8f1f1642a52dac7f66875b2) Importer(815301076,1909f56bfc062723c751e8b465ee728b)  -> (artifact id: 'b9307d5b43db6cc62437148eaab9aede') in 0.004726 seconds 
========================================================================
Received Import Request.
  Time since last request: 222.458749 seconds.
  path: Assets/Sprite/cell_r2_c1.png
  artifactKey: Guid(63d07ba6251adf04bb83ff569798fd21) Importer(815301076,1909f56bfc062723c751e8b465ee728b)
Start importing Assets/Sprite/cell_r2_c1.png using Guid(63d07ba6251adf04bb83ff569798fd21) Importer(815301076,1909f56bfc062723c751e8b465ee728b)  -> (artifact id: '196de9f4b4fe40f2a5f2ffd8ccbedc5c') in 0.086252 seconds 
========================================================================
Received Import Request.
  Time since last request: 0.000031 seconds.
  path: Assets/Sprite/cell_r2_c3.png
  artifactKey: Guid(3bcf614754fb9d74781a6f94308200be) Importer(815301076,1909f56bfc062723c751e8b465ee728b)
Start importing Assets/Sprite/cell_r2_c3.png using Guid(3bcf614754fb9d74781a6f94308200be) Importer(815301076,1909f56bfc062723c751e8b465ee728b)  -> (artifact id: '751ab9f835653bdadfbed28ed286d093') in 0.022323 seconds 
========================================================================
Received Import Request.
  Time since last request: 0.000024 seconds.
  path: Assets/Sprite/cell_r2_c7.png
  artifactKey: Guid(f7eda42a85a31a742973e62a876fdca0) Importer(815301076,1909f56bfc062723c751e8b465ee728b)
Start importing Assets/Sprite/cell_r2_c7.png using Guid(f7eda42a85a31a742973e62a876fdca0) Importer(815301076,1909f56bfc062723c751e8b465ee728b)  -> (artifact id: '0bb11727b67be8b7fb5974c7f4a9ca51') in 0.004861 seconds 
========================================================================
Received Import Request.
  Time since last request: 0.000011 seconds.
  path: Assets/Sprite/cell_r2_c8.png
  artifactKey: Guid(f2ac95936986d794993e63cd4f76437d) Importer(815301076,1909f56bfc062723c751e8b465ee728b)
Start importing Assets/Sprite/cell_r2_c8.png using Guid(f2ac95936986d794993e63cd4f76437d) Importer(815301076,1909f56bfc062723c751e8b465ee728b)  -> (artifact id: '9557c0256267e82885cdcff483dc4c4a') in 0.008184 seconds 
========================================================================
Received Import Request.
  Time since last request: 44.286788 seconds.
  path: Assets/Sprite/cell_r1_c1.png
  artifactKey: Guid(59fd4c1e258aeaa48ac9eb4e6d72371f) Importer(815301076,1909f56bfc062723c751e8b465ee728b)
Start importing Assets/Sprite/cell_r1_c1.png using Guid(59fd4c1e258aeaa48ac9eb4e6d72371f) Importer(815301076,1909f56bfc062723c751e8b465ee728b)  -> (artifact id: '33377bfe9b034de35d84d655496adf76') in 0.098019 seconds 
========================================================================
Received Import Request.
  Time since last request: 0.000012 seconds.
  path: Assets/Sprite/cell_r1_c8.png
  artifactKey: Guid(047a5ba5417863c4f9cc21c9152e4921) Importer(815301076,1909f56bfc062723c751e8b465ee728b)
Start importing Assets/Sprite/cell_r1_c8.png using Guid(047a5ba5417863c4f9cc21c9152e4921) Importer(815301076,1909f56bfc062723c751e8b465ee728b)  -> (artifact id: '8eba29ae3d4028e61df464d132c973b5') in 0.005946 seconds 
========================================================================
Received Import Request.
  Time since last request: 0.000016 seconds.
  path: Assets/Sprite/cell_r1_c5.png
  artifactKey: Guid(6a9cc1d7167a97e49bda4845dbdd4297) Importer(815301076,1909f56bfc062723c751e8b465ee728b)
Start importing Assets/Sprite/cell_r1_c5.png using Guid(6a9cc1d7167a97e49bda4845dbdd4297) Importer(815301076,1909f56bfc062723c751e8b465ee728b)  -> (artifact id: 'caaab339baf685fce3a68378aade6bf2') in 0.026055 seconds 
========================================================================
Received Import Request.
  Time since last request: 8.803445 seconds.
  path: Assets/Sprite/cell_r2_c1.png
  artifactKey: Guid(63d07ba6251adf04bb83ff569798fd21) Importer(815301076,1909f56bfc062723c751e8b465ee728b)
Start importing Assets/Sprite/cell_r2_c1.png using Guid(63d07ba6251adf04bb83ff569798fd21) Importer(815301076,1909f56bfc062723c751e8b465ee728b)  -> (artifact id: 'f99ccd614163c5008922a749b19102db') in 0.068518 seconds 
========================================================================
Received Import Request.
  Time since last request: 0.000017 seconds.
  path: Assets/Sprite/cell_r2_c7.png
  artifactKey: Guid(f7eda42a85a31a742973e62a876fdca0) Importer(815301076,1909f56bfc062723c751e8b465ee728b)
Start importing Assets/Sprite/cell_r2_c7.png using Guid(f7eda42a85a31a742973e62a876fdca0) Importer(815301076,1909f56bfc062723c751e8b465ee728b)  -> (artifact id: 'd4028888eac17a6790320b76b7bdb99c') in 0.012580 seconds 
========================================================================
Received Import Request.
  Time since last request: 0.000017 seconds.
  path: Assets/Sprite/cell_r2_c4.png
  artifactKey: Guid(3ed00cd676bfecd468e27c060c20fc04) Importer(815301076,1909f56bfc062723c751e8b465ee728b)
Start importing Assets/Sprite/cell_r2_c4.png using Guid(3ed00cd676bfecd468e27c060c20fc04) Importer(815301076,1909f56bfc062723c751e8b465ee728b)  -> (artifact id: '8ce3eeab1292050f50d384451be3e252') in 0.005796 seconds 
========================================================================
Received Import Request.
  Time since last request: 0.000015 seconds.
  path: Assets/Sprite/cell_r2_c6.png
  artifactKey: Guid(e11874bbc4fb7e445b260439a07c8ff0) Importer(815301076,1909f56bfc062723c751e8b465ee728b)
Start importing Assets/Sprite/cell_r2_c6.png using Guid(e11874bbc4fb7e445b260439a07c8ff0) Importer(815301076,1909f56bfc062723c751e8b465ee728b)  -> (artifact id: '8c0a0fb56ca9ce1e89b570192d5f18c3') in 0.009131 seconds 
========================================================================
Received Prepare
Registering precompiled user dll's ...
Registered in 0.005220 seconds.
Begin MonoManager ReloadAssembly
Native extension for WindowsStandalone target not found
Native extension for WebGL target not found
Refreshing native plugins compatible for Editor in 0.17 ms, found 0 plugins.
Preloading 0 native plugins for Editor in 0.00 ms.
Mono: successfully reloaded assembly
- Completed reload, in  0.433 seconds
Domain Reload Profiling:
	ReloadAssembly (434ms)
		BeginReloadAssembly (89ms)
			ExecutionOrderSort (0ms)
			DisableScriptedObjects (3ms)
			BackupInstance (0ms)
			ReleaseScriptingObjects (0ms)
			CreateAndSetChildDomain (18ms)
		EndReloadAssembly (291ms)
			LoadAssemblies (56ms)
			RebuildTransferFunctionScriptingTraits (0ms)
			SetupTypeCache (91ms)
			ReleaseScriptCaches (0ms)
			RebuildScriptCaches (15ms)
			SetupLoadedEditorAssemblies (82ms)
				LogAssemblyErrors (0ms)
				InitializePlatformSupportModulesInManaged (8ms)
				SetLoadedEditorAssemblies (0ms)
				RefreshPlugins (0ms)
				BeforeProcessingInitializeOnLoad (8ms)
				ProcessInitializeOnLoadAttributes (52ms)
				ProcessInitializeOnLoadMethodAttributes (10ms)
				AfterProcessingInitializeOnLoad (2ms)
				EditorAssembliesLoaded (0ms)
			ExecutionOrderSort2 (0ms)
			AwakeInstancesAfterBackupRestoration (9ms)
Platform modules already initialized, skipping
Refreshing native plugins compatible for Editor in 0.11 ms, found 0 plugins.
Preloading 0 native plugins for Editor in 0.00 ms.
Unloading 63 Unused Serialized files (Serialized files now loaded: 0)
Unloading 25 unused Assets / (31.8 KB). Loaded Objects now: 942.
Memory consumption went from 38.1 MB to 38.1 MB.
Total: 1.538200 ms (FindLiveObjects: 0.054300 ms CreateObjectMapping: 0.006800 ms MarkObjects: 1.460900 ms  DeleteObjects: 0.015900 ms)

AssetImportParameters requested are different than current active one (requested -> active):
  custom:video-decoder-ogg-theora: a1e56fd34408186e4bbccfd4996cb3dc -> 
  custom:container-muxer-webm: aa71ff27fc2769a1b78a27578f13a17b -> 
  custom:container-demuxer-webm: 4f35f7cbe854078d1ac9338744f61a02 -> 
  custom:video-encoder-webm-vp8: eb34c28f22e8b96e1ab97ce403110664 -> 
  custom:video-codec-MediaFoundation-h265: 746d11721c4dcdbdad8f713fa42b33f4 -> 
  custom:audio-encoder-webm-vorbis: bf7c407c2cedff20999df2af8eb42d56 -> 
  custom:framework-win-MediaFoundation: 216162199b28c13a410421893ffa2e32 -> 
  custom:container-demuxer-ogg: 62fdf1f143b41e24485cea50d1cbac27 -> 
  custom:video-decoder-webm-vp8: 9c59270c3fd7afecdb556c50c9e8de78 -> 
  custom:audio-decoder-ogg-vorbis: bf7c407c2cedff20999df2af8eb42d56 -> 
========================================================================
Received Prepare
Registering precompiled user dll's ...
Registered in 0.006156 seconds.
Begin MonoManager ReloadAssembly
Native extension for WindowsStandalone target not found
Native extension for WebGL target not found
Refreshing native plugins compatible for Editor in 0.12 ms, found 0 plugins.
Preloading 0 native plugins for Editor in 0.00 ms.
Mono: successfully reloaded assembly
- Completed reload, in  0.465 seconds
Domain Reload Profiling:
	ReloadAssembly (466ms)
		BeginReloadAssembly (102ms)
			ExecutionOrderSort (0ms)
			DisableScriptedObjects (5ms)
			BackupInstance (0ms)
			ReleaseScriptingObjects (0ms)
			CreateAndSetChildDomain (19ms)
		EndReloadAssembly (308ms)
			LoadAssemblies (61ms)
			RebuildTransferFunctionScriptingTraits (0ms)
			SetupTypeCache (98ms)
			ReleaseScriptCaches (1ms)
			RebuildScriptCaches (17ms)
			SetupLoadedEditorAssemblies (88ms)
				LogAssemblyErrors (0ms)
				InitializePlatformSupportModulesInManaged (8ms)
				SetLoadedEditorAssemblies (0ms)
				RefreshPlugins (0ms)
				BeforeProcessingInitializeOnLoad (8ms)
				ProcessInitializeOnLoadAttributes (57ms)
				ProcessInitializeOnLoadMethodAttributes (13ms)
				AfterProcessingInitializeOnLoad (2ms)
				EditorAssembliesLoaded (0ms)
			ExecutionOrderSort2 (0ms)
			AwakeInstancesAfterBackupRestoration (11ms)
Platform modules already initialized, skipping
Refreshing native plugins compatible for Editor in 0.11 ms, found 0 plugins.
Preloading 0 native plugins for Editor in 0.00 ms.
Unloading 53 Unused Serialized files (Serialized files now loaded: 0)
Unloading 25 unused Assets / (31.8 KB). Loaded Objects now: 942.
Memory consumption went from 37.7 MB to 37.7 MB.
Total: 2.106900 ms (FindLiveObjects: 0.102900 ms CreateObjectMapping: 0.008800 ms MarkObjects: 1.983100 ms  DeleteObjects: 0.011400 ms)

AssetImportParameters requested are different than current active one (requested -> active):
  custom:video-decoder-ogg-theora: a1e56fd34408186e4bbccfd4996cb3dc -> 
  custom:container-muxer-webm: aa71ff27fc2769a1b78a27578f13a17b -> 
  custom:container-demuxer-webm: 4f35f7cbe854078d1ac9338744f61a02 -> 
  custom:video-encoder-webm-vp8: eb34c28f22e8b96e1ab97ce403110664 -> 
  custom:video-codec-MediaFoundation-h265: 746d11721c4dcdbdad8f713fa42b33f4 -> 
  custom:audio-encoder-webm-vorbis: bf7c407c2cedff20999df2af8eb42d56 -> 
  custom:framework-win-MediaFoundation: 216162199b28c13a410421893ffa2e32 -> 
  custom:container-demuxer-ogg: 62fdf1f143b41e24485cea50d1cbac27 -> 
  custom:video-decoder-webm-vp8: 9c59270c3fd7afecdb556c50c9e8de78 -> 
  custom:audio-decoder-ogg-vorbis: bf7c407c2cedff20999df2af8eb42d56 -> 
========================================================================
Received Prepare
Registering precompiled user dll's ...
Registered in 0.006311 seconds.
Begin MonoManager ReloadAssembly
Native extension for WindowsStandalone target not found
Native extension for WebGL target not found
Refreshing native plugins compatible for Editor in 0.12 ms, found 0 plugins.
Preloading 0 native plugins for Editor in 0.00 ms.
Mono: successfully reloaded assembly
- Completed reload, in  0.476 seconds
Domain Reload Profiling:
	ReloadAssembly (477ms)
		BeginReloadAssembly (102ms)
			ExecutionOrderSort (0ms)
			DisableScriptedObjects (5ms)
			BackupInstance (0ms)
			ReleaseScriptingObjects (0ms)
			CreateAndSetChildDomain (23ms)
		EndReloadAssembly (318ms)
			LoadAssemblies (58ms)
			RebuildTransferFunctionScriptingTraits (0ms)
			SetupTypeCache (107ms)
			ReleaseScriptCaches (0ms)
			RebuildScriptCaches (15ms)
			SetupLoadedEditorAssemblies (85ms)
				LogAssemblyErrors (0ms)
				InitializePlatformSupportModulesInManaged (7ms)
				SetLoadedEditorAssemblies (0ms)
				RefreshPlugins (0ms)
				BeforeProcessingInitializeOnLoad (8ms)
				ProcessInitializeOnLoadAttributes (54ms)
				ProcessInitializeOnLoadMethodAttributes (14ms)
				AfterProcessingInitializeOnLoad (2ms)
				EditorAssembliesLoaded (0ms)
			ExecutionOrderSort2 (0ms)
			AwakeInstancesAfterBackupRestoration (11ms)
Platform modules already initialized, skipping
Refreshing native plugins compatible for Editor in 0.12 ms, found 0 plugins.
Preloading 0 native plugins for Editor in 0.00 ms.
Unloading 53 Unused Serialized files (Serialized files now loaded: 0)
Unloading 25 unused Assets / (31.8 KB). Loaded Objects now: 942.
Memory consumption went from 37.8 MB to 37.8 MB.
Total: 1.482600 ms (FindLiveObjects: 0.056200 ms CreateObjectMapping: 0.006600 ms MarkObjects: 1.408400 ms  DeleteObjects: 0.010900 ms)

AssetImportParameters requested are different than current active one (requested -> active):
  custom:video-decoder-ogg-theora: a1e56fd34408186e4bbccfd4996cb3dc -> 
  custom:container-muxer-webm: aa71ff27fc2769a1b78a27578f13a17b -> 
  custom:container-demuxer-webm: 4f35f7cbe854078d1ac9338744f61a02 -> 
  custom:video-encoder-webm-vp8: eb34c28f22e8b96e1ab97ce403110664 -> 
  custom:video-codec-MediaFoundation-h265: 746d11721c4dcdbdad8f713fa42b33f4 -> 
  custom:audio-encoder-webm-vorbis: bf7c407c2cedff20999df2af8eb42d56 -> 
  custom:framework-win-MediaFoundation: 216162199b28c13a410421893ffa2e32 -> 
  custom:container-demuxer-ogg: 62fdf1f143b41e24485cea50d1cbac27 -> 
  custom:video-decoder-webm-vp8: 9c59270c3fd7afecdb556c50c9e8de78 -> 
  custom:audio-decoder-ogg-vorbis: bf7c407c2cedff20999df2af8eb42d56 -> 
========================================================================
Received Prepare
Registering precompiled user dll's ...
Registered in 0.005682 seconds.
Begin MonoManager ReloadAssembly
Native extension for WindowsStandalone target not found
Native extension for WebGL target not found
Refreshing native plugins compatible for Editor in 0.24 ms, found 0 plugins.
Preloading 0 native plugins for Editor in 0.00 ms.
Mono: successfully reloaded assembly
- Completed reload, in  0.475 seconds
Domain Reload Profiling:
	ReloadAssembly (475ms)
		BeginReloadAssembly (100ms)
			ExecutionOrderSort (0ms)
			DisableScriptedObjects (4ms)
			BackupInstance (0ms)
			ReleaseScriptingObjects (0ms)
			CreateAndSetChildDomain (18ms)
		EndReloadAssembly (315ms)
			LoadAssemblies (59ms)
			RebuildTransferFunctionScriptingTraits (0ms)
			SetupTypeCache (105ms)
			ReleaseScriptCaches (0ms)
			RebuildScriptCaches (15ms)
			SetupLoadedEditorAssemblies (88ms)
				LogAssemblyErrors (0ms)
				InitializePlatformSupportModulesInManaged (8ms)
				SetLoadedEditorAssemblies (0ms)
				RefreshPlugins (0ms)
				BeforeProcessingInitializeOnLoad (9ms)
				ProcessInitializeOnLoadAttributes (57ms)
				ProcessInitializeOnLoadMethodAttributes (12ms)
				AfterProcessingInitializeOnLoad (2ms)
				EditorAssembliesLoaded (0ms)
			ExecutionOrderSort2 (0ms)
			AwakeInstancesAfterBackupRestoration (12ms)
Platform modules already initialized, skipping
Refreshing native plugins compatible for Editor in 0.11 ms, found 0 plugins.
Preloading 0 native plugins for Editor in 0.00 ms.
Unloading 53 Unused Serialized files (Serialized files now loaded: 0)
Unloading 25 unused Assets / (31.8 KB). Loaded Objects now: 942.
Memory consumption went from 37.8 MB to 37.7 MB.
Total: 1.925900 ms (FindLiveObjects: 0.070300 ms CreateObjectMapping: 0.007200 ms MarkObjects: 1.836200 ms  DeleteObjects: 0.011700 ms)

AssetImportParameters requested are different than current active one (requested -> active):
  custom:video-decoder-ogg-theora: a1e56fd34408186e4bbccfd4996cb3dc -> 
  custom:container-muxer-webm: aa71ff27fc2769a1b78a27578f13a17b -> 
  custom:container-demuxer-webm: 4f35f7cbe854078d1ac9338744f61a02 -> 
  custom:video-encoder-webm-vp8: eb34c28f22e8b96e1ab97ce403110664 -> 
  custom:video-codec-MediaFoundation-h265: 746d11721c4dcdbdad8f713fa42b33f4 -> 
  custom:audio-encoder-webm-vorbis: bf7c407c2cedff20999df2af8eb42d56 -> 
  custom:framework-win-MediaFoundation: 216162199b28c13a410421893ffa2e32 -> 
  custom:container-demuxer-ogg: 62fdf1f143b41e24485cea50d1cbac27 -> 
  custom:video-decoder-webm-vp8: 9c59270c3fd7afecdb556c50c9e8de78 -> 
  custom:audio-decoder-ogg-vorbis: bf7c407c2cedff20999df2af8eb42d56 -> 
========================================================================
Received Prepare
Registering precompiled user dll's ...
Registered in 0.005821 seconds.
Begin MonoManager ReloadAssembly
Native extension for WindowsStandalone target not found
Native extension for WebGL target not found
Refreshing native plugins compatible for Editor in 0.18 ms, found 0 plugins.
Preloading 0 native plugins for Editor in 0.00 ms.
Mono: successfully reloaded assembly
- Completed reload, in  0.452 seconds
Domain Reload Profiling:
	ReloadAssembly (452ms)
		BeginReloadAssembly (92ms)
			ExecutionOrderSort (0ms)
			DisableScriptedObjects (5ms)
			BackupInstance (0ms)
			ReleaseScriptingObjects (0ms)
			CreateAndSetChildDomain (20ms)
		EndReloadAssembly (304ms)
			LoadAssemblies (57ms)
			RebuildTransferFunctionScriptingTraits (0ms)
			SetupTypeCache (94ms)
			ReleaseScriptCaches (0ms)
			RebuildScriptCaches (19ms)
			SetupLoadedEditorAssemblies (88ms)
				LogAssemblyErrors (0ms)
				InitializePlatformSupportModulesInManaged (9ms)
				SetLoadedEditorAssemblies (0ms)
				RefreshPlugins (0ms)
				BeforeProcessingInitializeOnLoad (12ms)
				ProcessInitializeOnLoadAttributes (54ms)
				ProcessInitializeOnLoadMethodAttributes (11ms)
				AfterProcessingInitializeOnLoad (2ms)
				EditorAssembliesLoaded (0ms)
			ExecutionOrderSort2 (0ms)
			AwakeInstancesAfterBackupRestoration (8ms)
Platform modules already initialized, skipping
Refreshing native plugins compatible for Editor in 0.11 ms, found 0 plugins.
Preloading 0 native plugins for Editor in 0.00 ms.
Unloading 53 Unused Serialized files (Serialized files now loaded: 0)
Unloading 25 unused Assets / (31.9 KB). Loaded Objects now: 942.
Memory consumption went from 37.8 MB to 37.7 MB.
Total: 1.545500 ms (FindLiveObjects: 0.066500 ms CreateObjectMapping: 0.007200 ms MarkObjects: 1.458200 ms  DeleteObjects: 0.012800 ms)

AssetImportParameters requested are different than current active one (requested -> active):
  custom:video-decoder-ogg-theora: a1e56fd34408186e4bbccfd4996cb3dc -> 
  custom:container-muxer-webm: aa71ff27fc2769a1b78a27578f13a17b -> 
  custom:container-demuxer-webm: 4f35f7cbe854078d1ac9338744f61a02 -> 
  custom:video-encoder-webm-vp8: eb34c28f22e8b96e1ab97ce403110664 -> 
  custom:video-codec-MediaFoundation-h265: 746d11721c4dcdbdad8f713fa42b33f4 -> 
  custom:audio-encoder-webm-vorbis: bf7c407c2cedff20999df2af8eb42d56 -> 
  custom:framework-win-MediaFoundation: 216162199b28c13a410421893ffa2e32 -> 
  custom:container-demuxer-ogg: 62fdf1f143b41e24485cea50d1cbac27 -> 
  custom:video-decoder-webm-vp8: 9c59270c3fd7afecdb556c50c9e8de78 -> 
  custom:audio-decoder-ogg-vorbis: bf7c407c2cedff20999df2af8eb42d56 -> 
========================================================================
Received Prepare
Registering precompiled user dll's ...
Registered in 0.006461 seconds.
Begin MonoManager ReloadAssembly
Native extension for WindowsStandalone target not found
Native extension for WebGL target not found
Refreshing native plugins compatible for Editor in 0.11 ms, found 0 plugins.
Preloading 0 native plugins for Editor in 0.00 ms.
Mono: successfully reloaded assembly
- Completed reload, in  0.447 seconds
Domain Reload Profiling:
	ReloadAssembly (448ms)
		BeginReloadAssembly (100ms)
			ExecutionOrderSort (0ms)
			DisableScriptedObjects (4ms)
			BackupInstance (0ms)
			ReleaseScriptingObjects (0ms)
			CreateAndSetChildDomain (19ms)
		EndReloadAssembly (295ms)
			LoadAssemblies (58ms)
			RebuildTransferFunctionScriptingTraits (0ms)
			SetupTypeCache (94ms)
			ReleaseScriptCaches (1ms)
			RebuildScriptCaches (16ms)
			SetupLoadedEditorAssemblies (83ms)
				LogAssemblyErrors (0ms)
				InitializePlatformSupportModulesInManaged (8ms)
				SetLoadedEditorAssemblies (0ms)
				RefreshPlugins (0ms)
				BeforeProcessingInitializeOnLoad (9ms)
				ProcessInitializeOnLoadAttributes (52ms)
				ProcessInitializeOnLoadMethodAttributes (12ms)
				AfterProcessingInitializeOnLoad (2ms)
				EditorAssembliesLoaded (0ms)
			ExecutionOrderSort2 (0ms)
			AwakeInstancesAfterBackupRestoration (8ms)
Platform modules already initialized, skipping
Refreshing native plugins compatible for Editor in 0.11 ms, found 0 plugins.
Preloading 0 native plugins for Editor in 0.00 ms.
Unloading 53 Unused Serialized files (Serialized files now loaded: 0)
Unloading 25 unused Assets / (31.8 KB). Loaded Objects now: 942.
Memory consumption went from 37.8 MB to 37.8 MB.
Total: 2.183600 ms (FindLiveObjects: 0.123100 ms CreateObjectMapping: 0.013000 ms MarkObjects: 2.035900 ms  DeleteObjects: 0.011000 ms)

AssetImportParameters requested are different than current active one (requested -> active):
  custom:video-decoder-ogg-theora: a1e56fd34408186e4bbccfd4996cb3dc -> 
  custom:container-muxer-webm: aa71ff27fc2769a1b78a27578f13a17b -> 
  custom:container-demuxer-webm: 4f35f7cbe854078d1ac9338744f61a02 -> 
  custom:video-encoder-webm-vp8: eb34c28f22e8b96e1ab97ce403110664 -> 
  custom:video-codec-MediaFoundation-h265: 746d11721c4dcdbdad8f713fa42b33f4 -> 
  custom:audio-encoder-webm-vorbis: bf7c407c2cedff20999df2af8eb42d56 -> 
  custom:framework-win-MediaFoundation: 216162199b28c13a410421893ffa2e32 -> 
  custom:container-demuxer-ogg: 62fdf1f143b41e24485cea50d1cbac27 -> 
  custom:video-decoder-webm-vp8: 9c59270c3fd7afecdb556c50c9e8de78 -> 
  custom:audio-decoder-ogg-vorbis: bf7c407c2cedff20999df2af8eb42d56 -> 
========================================================================
Received Import Request.
  Time since last request: 528.083730 seconds.
  path: Assets/AnimatorController/minion.controller
  artifactKey: Guid(f6793d4e9430ddc42ac8f42f143466d7) Importer(815301076,1909f56bfc062723c751e8b465ee728b)
Start importing Assets/AnimatorController/minion.controller using Guid(f6793d4e9430ddc42ac8f42f143466d7) Importer(815301076,1909f56bfc062723c751e8b465ee728b)  -> (artifact id: 'd7fcca76c4677f4d25b179092d5f9de0') in 0.029323 seconds 
========================================================================
Received Import Request.
  Time since last request: 30.570338 seconds.
  path: Assets/AnimationClip/Highlighted.anim
  artifactKey: Guid(e1576a6a2844cd34ebbd7fab25968a5d) Importer(815301076,1909f56bfc062723c751e8b465ee728b)
Start importing Assets/AnimationClip/Highlighted.anim using Guid(e1576a6a2844cd34ebbd7fab25968a5d) Importer(815301076,1909f56bfc062723c751e8b465ee728b)  -> (artifact id: 'c3bd6b8f0763599e2ceade442f3b7549') in 0.020844 seconds 
========================================================================
Received Import Request.
  Time since last request: 0.448991 seconds.
  path: Assets/AnimationClip/CamShake1.anim
  artifactKey: Guid(b47e862277762f740af6702db4e80945) Importer(815301076,1909f56bfc062723c751e8b465ee728b)
Start importing Assets/AnimationClip/CamShake1.anim using Guid(b47e862277762f740af6702db4e80945) Importer(815301076,1909f56bfc062723c751e8b465ee728b)  -> (artifact id: 'da20a6aed3429b43e340bb8b7e93d388') in 0.015608 seconds 
========================================================================
Received Import Request.
  Time since last request: 0.958534 seconds.
  path: Assets/AnimationClip/entrrance.anim
  artifactKey: Guid(bb97dba9b2c09bc4fb55a52c8ccdc80d) Importer(815301076,1909f56bfc062723c751e8b465ee728b)
Start importing Assets/AnimationClip/entrrance.anim using Guid(bb97dba9b2c09bc4fb55a52c8ccdc80d) Importer(815301076,1909f56bfc062723c751e8b465ee728b)  -> (artifact id: 'ad79cbb2405625008c966c52986ff56d') in 0.025315 seconds 
========================================================================
Received Import Request.
  Time since last request: 0.376204 seconds.
  path: Assets/AnimationClip/OtherAnim.anim
  artifactKey: Guid(f5f83ff1a83499a489617f8e5ba356bb) Importer(815301076,1909f56bfc062723c751e8b465ee728b)
Start importing Assets/AnimationClip/OtherAnim.anim using Guid(f5f83ff1a83499a489617f8e5ba356bb) Importer(815301076,1909f56bfc062723c751e8b465ee728b)  -> (artifact id: '929b53ab7286e213e40d7a3c3f2eca00') in 0.001804 seconds 
========================================================================
Received Import Request.
  Time since last request: 0.309184 seconds.
  path: Assets/AnimationClip/Normal.anim
  artifactKey: Guid(c23df5fddab0e814c9d64149ce7d1a18) Importer(815301076,1909f56bfc062723c751e8b465ee728b)
Start importing Assets/AnimationClip/Normal.anim using Guid(c23df5fddab0e814c9d64149ce7d1a18) Importer(815301076,1909f56bfc062723c751e8b465ee728b)  -> (artifact id: '324d70d8bf677942413820957d83c268') in 0.001477 seconds 
========================================================================
Received Import Request.
  Time since last request: 0.383000 seconds.
  path: Assets/AnimationClip/minionRun.anim
  artifactKey: Guid(210a5329cef549c4aa6d3b6fe72595ce) Importer(815301076,1909f56bfc062723c751e8b465ee728b)
Start importing Assets/AnimationClip/minionRun.anim using Guid(210a5329cef549c4aa6d3b6fe72595ce) Importer(815301076,1909f56bfc062723c751e8b465ee728b)  -> (artifact id: '2484080578a6e814241afb4cead57145') in 0.001512 seconds 
========================================================================
Received Import Request.
  Time since last request: 143.787755 seconds.
  path: Assets/Sprite/slasher_attack.gif
  artifactKey: Guid(587660040ac1fd441954edbf5575705f) Importer(815301076,1909f56bfc062723c751e8b465ee728b)
Start importing Assets/Sprite/slasher_attack.gif using Guid(587660040ac1fd441954edbf5575705f) Importer(815301076,1909f56bfc062723c751e8b465ee728b)  -> (artifact id: '22ac34797d9d04b4054e8f64f0c04cfc') in 0.035729 seconds 
========================================================================
Received Prepare
Registering precompiled user dll's ...
Registered in 0.005287 seconds.
Begin MonoManager ReloadAssembly
Native extension for WindowsStandalone target not found
Native extension for WebGL target not found
Refreshing native plugins compatible for Editor in 0.12 ms, found 0 plugins.
Preloading 0 native plugins for Editor in 0.00 ms.
Mono: successfully reloaded assembly
- Completed reload, in  0.466 seconds
Domain Reload Profiling:
	ReloadAssembly (466ms)
		BeginReloadAssembly (100ms)
			ExecutionOrderSort (0ms)
			DisableScriptedObjects (4ms)
			BackupInstance (0ms)
			ReleaseScriptingObjects (0ms)
			CreateAndSetChildDomain (19ms)
		EndReloadAssembly (309ms)
			LoadAssemblies (56ms)
			RebuildTransferFunctionScriptingTraits (0ms)
			SetupTypeCache (105ms)
			ReleaseScriptCaches (0ms)
			RebuildScriptCaches (16ms)
			SetupLoadedEditorAssemblies (85ms)
				LogAssemblyErrors (0ms)
				InitializePlatformSupportModulesInManaged (7ms)
				SetLoadedEditorAssemblies (0ms)
				RefreshPlugins (0ms)
				BeforeProcessingInitializeOnLoad (9ms)
				ProcessInitializeOnLoadAttributes (56ms)
				ProcessInitializeOnLoadMethodAttributes (11ms)
				AfterProcessingInitializeOnLoad (2ms)
				EditorAssembliesLoaded (0ms)
			ExecutionOrderSort2 (0ms)
			AwakeInstancesAfterBackupRestoration (11ms)
Platform modules already initialized, skipping
Refreshing native plugins compatible for Editor in 0.11 ms, found 0 plugins.
Preloading 0 native plugins for Editor in 0.00 ms.
Unloading 54 Unused Serialized files (Serialized files now loaded: 0)
Unloading 25 unused Assets / (31.8 KB). Loaded Objects now: 959.
Memory consumption went from 38.3 MB to 38.3 MB.
Total: 1.490100 ms (FindLiveObjects: 0.061600 ms CreateObjectMapping: 0.006700 ms MarkObjects: 1.407600 ms  DeleteObjects: 0.013700 ms)

AssetImportParameters requested are different than current active one (requested -> active):
  custom:video-decoder-ogg-theora: a1e56fd34408186e4bbccfd4996cb3dc -> 
  custom:container-muxer-webm: aa71ff27fc2769a1b78a27578f13a17b -> 
  custom:container-demuxer-webm: 4f35f7cbe854078d1ac9338744f61a02 -> 
  custom:video-encoder-webm-vp8: eb34c28f22e8b96e1ab97ce403110664 -> 
  custom:video-codec-MediaFoundation-h265: 746d11721c4dcdbdad8f713fa42b33f4 -> 
  custom:audio-encoder-webm-vorbis: bf7c407c2cedff20999df2af8eb42d56 -> 
  custom:framework-win-MediaFoundation: 216162199b28c13a410421893ffa2e32 -> 
  custom:container-demuxer-ogg: 62fdf1f143b41e24485cea50d1cbac27 -> 
  custom:video-decoder-webm-vp8: 9c59270c3fd7afecdb556c50c9e8de78 -> 
  custom:audio-decoder-ogg-vorbis: bf7c407c2cedff20999df2af8eb42d56 -> 
========================================================================
Received Prepare
Registering precompiled user dll's ...
Registered in 0.005198 seconds.
Begin MonoManager ReloadAssembly
Native extension for WindowsStandalone target not found
Native extension for WebGL target not found
Refreshing native plugins compatible for Editor in 0.16 ms, found 0 plugins.
Preloading 0 native plugins for Editor in 0.00 ms.
Mono: successfully reloaded assembly
- Completed reload, in  0.464 seconds
Domain Reload Profiling:
	ReloadAssembly (464ms)
		BeginReloadAssembly (95ms)
			ExecutionOrderSort (0ms)
			DisableScriptedObjects (5ms)
			BackupInstance (0ms)
			ReleaseScriptingObjects (0ms)
			CreateAndSetChildDomain (20ms)
		EndReloadAssembly (316ms)
			LoadAssemblies (60ms)
			RebuildTransferFunctionScriptingTraits (0ms)
			SetupTypeCache (104ms)
			ReleaseScriptCaches (0ms)
			RebuildScriptCaches (16ms)
			SetupLoadedEditorAssemblies (90ms)
				LogAssemblyErrors (0ms)
				InitializePlatformSupportModulesInManaged (10ms)
				SetLoadedEditorAssemblies (0ms)
				RefreshPlugins (0ms)
				BeforeProcessingInitializeOnLoad (9ms)
				ProcessInitializeOnLoadAttributes (56ms)
				ProcessInitializeOnLoadMethodAttributes (12ms)
				AfterProcessingInitializeOnLoad (2ms)
				EditorAssembliesLoaded (0ms)
			ExecutionOrderSort2 (0ms)
			AwakeInstancesAfterBackupRestoration (10ms)
Platform modules already initialized, skipping
Refreshing native plugins compatible for Editor in 0.15 ms, found 0 plugins.
Preloading 0 native plugins for Editor in 0.00 ms.
Unloading 53 Unused Serialized files (Serialized files now loaded: 0)
Unloading 25 unused Assets / (31.8 KB). Loaded Objects now: 959.
Memory consumption went from 38.3 MB to 38.2 MB.
Total: 1.960900 ms (FindLiveObjects: 0.132100 ms CreateObjectMapping: 0.014600 ms MarkObjects: 1.790500 ms  DeleteObjects: 0.023100 ms)

AssetImportParameters requested are different than current active one (requested -> active):
  custom:video-decoder-ogg-theora: a1e56fd34408186e4bbccfd4996cb3dc -> 
  custom:container-muxer-webm: aa71ff27fc2769a1b78a27578f13a17b -> 
  custom:container-demuxer-webm: 4f35f7cbe854078d1ac9338744f61a02 -> 
  custom:video-encoder-webm-vp8: eb34c28f22e8b96e1ab97ce403110664 -> 
  custom:video-codec-MediaFoundation-h265: 746d11721c4dcdbdad8f713fa42b33f4 -> 
  custom:audio-encoder-webm-vorbis: bf7c407c2cedff20999df2af8eb42d56 -> 
  custom:framework-win-MediaFoundation: 216162199b28c13a410421893ffa2e32 -> 
  custom:container-demuxer-ogg: 62fdf1f143b41e24485cea50d1cbac27 -> 
  custom:video-decoder-webm-vp8: 9c59270c3fd7afecdb556c50c9e8de78 -> 
  custom:audio-decoder-ogg-vorbis: bf7c407c2cedff20999df2af8eb42d56 -> 
========================================================================
Received Import Request.
  Time since last request: 431.931342 seconds.
  path: Assets/Sprite/frame_06_delay-0.1s.png
  artifactKey: Guid(4a7db397f38148b4cbcbe724b758f9d3) Importer(815301076,1909f56bfc062723c751e8b465ee728b)
Start importing Assets/Sprite/frame_06_delay-0.1s.png using Guid(4a7db397f38148b4cbcbe724b758f9d3) Importer(815301076,1909f56bfc062723c751e8b465ee728b)  -> (artifact id: 'e39e0ce4bc45b16c1872cb3d8a1379ce') in 0.026056 seconds 
========================================================================
Received Import Request.
  Time since last request: 0.000010 seconds.
  path: Assets/Sprite/frame_13_delay-0.1s.png
  artifactKey: Guid(614223427d451434db74182073be5d12) Importer(815301076,1909f56bfc062723c751e8b465ee728b)
Start importing Assets/Sprite/frame_13_delay-0.1s.png using Guid(614223427d451434db74182073be5d12) Importer(815301076,1909f56bfc062723c751e8b465ee728b)  -> (artifact id: '68220df3067cc75b75634ad5886148d6') in 0.059733 seconds 
========================================================================
Received Import Request.
  Time since last request: 0.000023 seconds.
  path: Assets/Sprite/frame_00_delay-0.1s (1).png
  artifactKey: Guid(c34cd776df8c6434981acfb0b37e7fcb) Importer(815301076,1909f56bfc062723c751e8b465ee728b)
Start importing Assets/Sprite/frame_00_delay-0.1s (1).png using Guid(c34cd776df8c6434981acfb0b37e7fcb) Importer(815301076,1909f56bfc062723c751e8b465ee728b)  -> (artifact id: '4089d270ec5f41b815fbff246acd3186') in 0.021041 seconds 
========================================================================
Received Import Request.
  Time since last request: 0.000023 seconds.
  path: Assets/Sprite/frame_00_delay-0.1s.png
  artifactKey: Guid(6b80512fbb4d0d049b0a34c4391a4559) Importer(815301076,1909f56bfc062723c751e8b465ee728b)
Start importing Assets/Sprite/frame_00_delay-0.1s.png using Guid(6b80512fbb4d0d049b0a34c4391a4559) Importer(815301076,1909f56bfc062723c751e8b465ee728b)  -> (artifact id: '5b2841a7386a27f76c3b71d544018a03') in 0.010041 seconds 
========================================================================
Received Import Request.
  Time since last request: 0.000022 seconds.
  path: Assets/Sprite/frame_12_delay-0.1s.png
  artifactKey: Guid(ed576d5c17116e94aa72d7aafdc06004) Importer(815301076,1909f56bfc062723c751e8b465ee728b)
Start importing Assets/Sprite/frame_12_delay-0.1s.png using Guid(ed576d5c17116e94aa72d7aafdc06004) Importer(815301076,1909f56bfc062723c751e8b465ee728b)  -> (artifact id: 'fb096ef9a4c20538235ad87bae330004') in 0.006918 seconds 
========================================================================
Received Import Request.
  Time since last request: 0.000013 seconds.
  path: Assets/Sprite/frame_04_delay-0.1s.png
  artifactKey: Guid(7efd436247aaac04cbd44062861e6d2c) Importer(815301076,1909f56bfc062723c751e8b465ee728b)
Start importing Assets/Sprite/frame_04_delay-0.1s.png using Guid(7efd436247aaac04cbd44062861e6d2c) Importer(815301076,1909f56bfc062723c751e8b465ee728b)  -> (artifact id: '9bba92068577ff9339757ef942639a04') in 0.005972 seconds 
========================================================================
Received Import Request.
  Time since last request: 11.164248 seconds.
  path: Assets/Sprite/frame_00_delay-0.1s (1).png
  artifactKey: Guid(c34cd776df8c6434981acfb0b37e7fcb) Importer(815301076,1909f56bfc062723c751e8b465ee728b)
Start importing Assets/Sprite/frame_00_delay-0.1s (1).png using Guid(c34cd776df8c6434981acfb0b37e7fcb) Importer(815301076,1909f56bfc062723c751e8b465ee728b)  -> (artifact id: '84a1c9a6d995a630bafdd6b04c13bae5') in 0.023817 seconds 
========================================================================
Received Import Request.
  Time since last request: 0.000258 seconds.
  path: Assets/Sprite/frame_06_delay-0.1s.png
  artifactKey: Guid(4a7db397f38148b4cbcbe724b758f9d3) Importer(815301076,1909f56bfc062723c751e8b465ee728b)
Start importing Assets/Sprite/frame_06_delay-0.1s.png using Guid(4a7db397f38148b4cbcbe724b758f9d3) Importer(815301076,1909f56bfc062723c751e8b465ee728b)  -> (artifact id: 'd69550c8dec8859d37e4eebafeefb8f1') in 0.008711 seconds 
========================================================================
Received Import Request.
  Time since last request: 0.000014 seconds.
  path: Assets/Sprite/frame_13_delay-0.1s.png
  artifactKey: Guid(614223427d451434db74182073be5d12) Importer(815301076,1909f56bfc062723c751e8b465ee728b)
Start importing Assets/Sprite/frame_13_delay-0.1s.png using Guid(614223427d451434db74182073be5d12) Importer(815301076,1909f56bfc062723c751e8b465ee728b)  -> (artifact id: '3d8170edba4f83392adfb17b8b80628f') in 0.010977 seconds 
========================================================================
Received Import Request.
  Time since last request: 0.000014 seconds.
  path: Assets/Sprite/frame_05_delay-0.1s (1).png
  artifactKey: Guid(d6de812e6ea221e45960414000a95c31) Importer(815301076,1909f56bfc062723c751e8b465ee728b)
Start importing Assets/Sprite/frame_05_delay-0.1s (1).png using Guid(d6de812e6ea221e45960414000a95c31) Importer(815301076,1909f56bfc062723c751e8b465ee728b)  -> (artifact id: '76bd979d6c74b69dd1031cd1ea77d559') in 0.010547 seconds 
========================================================================
Received Import Request.
  Time since last request: 0.000013 seconds.
  path: Assets/Sprite/frame_12_delay-0.1s.png
  artifactKey: Guid(ed576d5c17116e94aa72d7aafdc06004) Importer(815301076,1909f56bfc062723c751e8b465ee728b)
Start importing Assets/Sprite/frame_12_delay-0.1s.png using Guid(ed576d5c17116e94aa72d7aafdc06004) Importer(815301076,1909f56bfc062723c751e8b465ee728b)  -> (artifact id: '357e5c7a6917b6be3008ef89891467bd') in 0.008528 seconds 
========================================================================
Received Import Request.
  Time since last request: 0.000015 seconds.
  path: Assets/Sprite/frame_11_delay-0.1s.png
  artifactKey: Guid(988082dc7031005488cee48eebead6bc) Importer(815301076,1909f56bfc062723c751e8b465ee728b)
Start importing Assets/Sprite/frame_11_delay-0.1s.png using Guid(988082dc7031005488cee48eebead6bc) Importer(815301076,1909f56bfc062723c751e8b465ee728b)  -> (artifact id: '4cf392ed195abfe0d0ee13c6be4d9470') in 0.008797 seconds 
========================================================================
Received Import Request.
  Time since last request: 0.000017 seconds.
  path: Assets/Sprite/frame_04_delay-0.1s.png
  artifactKey: Guid(7efd436247aaac04cbd44062861e6d2c) Importer(815301076,1909f56bfc062723c751e8b465ee728b)
Start importing Assets/Sprite/frame_04_delay-0.1s.png using Guid(7efd436247aaac04cbd44062861e6d2c) Importer(815301076,1909f56bfc062723c751e8b465ee728b)  -> (artifact id: 'ce99de95876b31b95abccd99d5f72d1b') in 0.080881 seconds 
========================================================================
Received Import Request.
  Time since last request: 0.000020 seconds.
  path: Assets/Sprite/frame_03_delay-0.1s.png
  artifactKey: Guid(e58a3eb66a69b9a4b92aaf8b7cdd8744) Importer(815301076,1909f56bfc062723c751e8b465ee728b)
Start importing Assets/Sprite/frame_03_delay-0.1s.png using Guid(e58a3eb66a69b9a4b92aaf8b7cdd8744) Importer(815301076,1909f56bfc062723c751e8b465ee728b)  -> (artifact id: '94224164fa01f3900d530dcf9250bd75') in 0.010491 seconds 
========================================================================
Received Prepare
Registering precompiled user dll's ...
Registered in 0.005508 seconds.
Begin MonoManager ReloadAssembly
Native extension for WindowsStandalone target not found
Native extension for WebGL target not found
Refreshing native plugins compatible for Editor in 0.26 ms, found 0 plugins.
Preloading 0 native plugins for Editor in 0.00 ms.
Mono: successfully reloaded assembly
- Completed reload, in  0.435 seconds
Domain Reload Profiling:
	ReloadAssembly (435ms)
		BeginReloadAssembly (91ms)
			ExecutionOrderSort (0ms)
			DisableScriptedObjects (4ms)
			BackupInstance (0ms)
			ReleaseScriptingObjects (0ms)
			CreateAndSetChildDomain (18ms)
		EndReloadAssembly (283ms)
			LoadAssemblies (59ms)
			RebuildTransferFunctionScriptingTraits (0ms)
			SetupTypeCache (82ms)
			ReleaseScriptCaches (0ms)
			RebuildScriptCaches (14ms)
			SetupLoadedEditorAssemblies (89ms)
				LogAssemblyErrors (0ms)
				InitializePlatformSupportModulesInManaged (8ms)
				SetLoadedEditorAssemblies (0ms)
				RefreshPlugins (0ms)
				BeforeProcessingInitializeOnLoad (10ms)
				ProcessInitializeOnLoadAttributes (59ms)
				ProcessInitializeOnLoadMethodAttributes (10ms)
				AfterProcessingInitializeOnLoad (2ms)
				EditorAssembliesLoaded (0ms)
			ExecutionOrderSort2 (0ms)
			AwakeInstancesAfterBackupRestoration (10ms)
Platform modules already initialized, skipping
Refreshing native plugins compatible for Editor in 0.16 ms, found 0 plugins.
Preloading 0 native plugins for Editor in 0.00 ms.
Unloading 62 Unused Serialized files (Serialized files now loaded: 0)
Unloading 25 unused Assets / (31.8 KB). Loaded Objects now: 1164.
Memory consumption went from 44.6 MB to 44.5 MB.
Total: 2.636800 ms (FindLiveObjects: 0.119000 ms CreateObjectMapping: 0.014100 ms MarkObjects: 2.483800 ms  DeleteObjects: 0.019000 ms)

AssetImportParameters requested are different than current active one (requested -> active):
  custom:video-decoder-ogg-theora: a1e56fd34408186e4bbccfd4996cb3dc -> 
  custom:container-muxer-webm: aa71ff27fc2769a1b78a27578f13a17b -> 
  custom:container-demuxer-webm: 4f35f7cbe854078d1ac9338744f61a02 -> 
  custom:video-encoder-webm-vp8: eb34c28f22e8b96e1ab97ce403110664 -> 
  custom:video-codec-MediaFoundation-h265: 746d11721c4dcdbdad8f713fa42b33f4 -> 
  custom:audio-encoder-webm-vorbis: bf7c407c2cedff20999df2af8eb42d56 -> 
  custom:framework-win-MediaFoundation: 216162199b28c13a410421893ffa2e32 -> 
  custom:container-demuxer-ogg: 62fdf1f143b41e24485cea50d1cbac27 -> 
  custom:video-decoder-webm-vp8: 9c59270c3fd7afecdb556c50c9e8de78 -> 
  custom:audio-decoder-ogg-vorbis: bf7c407c2cedff20999df2af8eb42d56 -> 
========================================================================
Received Prepare
Registering precompiled user dll's ...
Registered in 0.006647 seconds.
Begin MonoManager ReloadAssembly
Native extension for WindowsStandalone target not found
Native extension for WebGL target not found
Refreshing native plugins compatible for Editor in 0.13 ms, found 0 plugins.
Preloading 0 native plugins for Editor in 0.00 ms.
Mono: successfully reloaded assembly
- Completed reload, in  0.453 seconds
Domain Reload Profiling:
	ReloadAssembly (454ms)
		BeginReloadAssembly (103ms)
			ExecutionOrderSort (0ms)
			DisableScriptedObjects (5ms)
			BackupInstance (0ms)
			ReleaseScriptingObjects (0ms)
			CreateAndSetChildDomain (20ms)
		EndReloadAssembly (296ms)
			LoadAssemblies (63ms)
			RebuildTransferFunctionScriptingTraits (0ms)
			SetupTypeCache (92ms)
			ReleaseScriptCaches (0ms)
			RebuildScriptCaches (15ms)
			SetupLoadedEditorAssemblies (87ms)
				LogAssemblyErrors (0ms)
				InitializePlatformSupportModulesInManaged (8ms)
				SetLoadedEditorAssemblies (0ms)
				RefreshPlugins (0ms)
				BeforeProcessingInitializeOnLoad (10ms)
				ProcessInitializeOnLoadAttributes (53ms)
				ProcessInitializeOnLoadMethodAttributes (13ms)
				AfterProcessingInitializeOnLoad (2ms)
				EditorAssembliesLoaded (0ms)
			ExecutionOrderSort2 (0ms)
			AwakeInstancesAfterBackupRestoration (11ms)
Platform modules already initialized, skipping
Refreshing native plugins compatible for Editor in 0.13 ms, found 0 plugins.
Preloading 0 native plugins for Editor in 0.00 ms.
Unloading 53 Unused Serialized files (Serialized files now loaded: 0)
Unloading 25 unused Assets / (31.8 KB). Loaded Objects now: 1164.
Memory consumption went from 44.2 MB to 44.2 MB.
Total: 1.494000 ms (FindLiveObjects: 0.072000 ms CreateObjectMapping: 0.007000 ms MarkObjects: 1.402500 ms  DeleteObjects: 0.011900 ms)

AssetImportParameters requested are different than current active one (requested -> active):
  custom:video-decoder-ogg-theora: a1e56fd34408186e4bbccfd4996cb3dc -> 
  custom:container-muxer-webm: aa71ff27fc2769a1b78a27578f13a17b -> 
  custom:container-demuxer-webm: 4f35f7cbe854078d1ac9338744f61a02 -> 
  custom:video-encoder-webm-vp8: eb34c28f22e8b96e1ab97ce403110664 -> 
  custom:video-codec-MediaFoundation-h265: 746d11721c4dcdbdad8f713fa42b33f4 -> 
  custom:audio-encoder-webm-vorbis: bf7c407c2cedff20999df2af8eb42d56 -> 
  custom:framework-win-MediaFoundation: 216162199b28c13a410421893ffa2e32 -> 
  custom:container-demuxer-ogg: 62fdf1f143b41e24485cea50d1cbac27 -> 
  custom:video-decoder-webm-vp8: 9c59270c3fd7afecdb556c50c9e8de78 -> 
  custom:audio-decoder-ogg-vorbis: bf7c407c2cedff20999df2af8eb42d56 -> 
========================================================================
Received Prepare
Registering precompiled user dll's ...
Registered in 0.006264 seconds.
Begin MonoManager ReloadAssembly
Native extension for WindowsStandalone target not found
Native extension for WebGL target not found
Refreshing native plugins compatible for Editor in 0.22 ms, found 0 plugins.
Preloading 0 native plugins for Editor in 0.00 ms.
Mono: successfully reloaded assembly
- Completed reload, in  0.469 seconds
Domain Reload Profiling:
	ReloadAssembly (469ms)
		BeginReloadAssembly (104ms)
			ExecutionOrderSort (0ms)
			DisableScriptedObjects (5ms)
			BackupInstance (0ms)
			ReleaseScriptingObjects (0ms)
			CreateAndSetChildDomain (22ms)
		EndReloadAssembly (306ms)
			LoadAssemblies (58ms)
			RebuildTransferFunctionScriptingTraits (0ms)
			SetupTypeCache (104ms)
			ReleaseScriptCaches (0ms)
			RebuildScriptCaches (13ms)
			SetupLoadedEditorAssemblies (88ms)
				LogAssemblyErrors (0ms)
				InitializePlatformSupportModulesInManaged (9ms)
				SetLoadedEditorAssemblies (0ms)
				RefreshPlugins (0ms)
				BeforeProcessingInitializeOnLoad (10ms)
				ProcessInitializeOnLoadAttributes (53ms)
				ProcessInitializeOnLoadMethodAttributes (13ms)
				AfterProcessingInitializeOnLoad (2ms)
				EditorAssembliesLoaded (0ms)
			ExecutionOrderSort2 (0ms)
			AwakeInstancesAfterBackupRestoration (10ms)
Platform modules already initialized, skipping
Refreshing native plugins compatible for Editor in 0.11 ms, found 0 plugins.
Preloading 0 native plugins for Editor in 0.00 ms.
Unloading 53 Unused Serialized files (Serialized files now loaded: 0)
Unloading 25 unused Assets / (31.8 KB). Loaded Objects now: 1164.
Memory consumption went from 44.2 MB to 44.2 MB.
Total: 1.525000 ms (FindLiveObjects: 0.068100 ms CreateObjectMapping: 0.007000 ms MarkObjects: 1.438800 ms  DeleteObjects: 0.010500 ms)

AssetImportParameters requested are different than current active one (requested -> active):
  custom:video-decoder-ogg-theora: a1e56fd34408186e4bbccfd4996cb3dc -> 
  custom:container-muxer-webm: aa71ff27fc2769a1b78a27578f13a17b -> 
  custom:container-demuxer-webm: 4f35f7cbe854078d1ac9338744f61a02 -> 
  custom:video-encoder-webm-vp8: eb34c28f22e8b96e1ab97ce403110664 -> 
  custom:video-codec-MediaFoundation-h265: 746d11721c4dcdbdad8f713fa42b33f4 -> 
  custom:audio-encoder-webm-vorbis: bf7c407c2cedff20999df2af8eb42d56 -> 
  custom:framework-win-MediaFoundation: 216162199b28c13a410421893ffa2e32 -> 
  custom:container-demuxer-ogg: 62fdf1f143b41e24485cea50d1cbac27 -> 
  custom:video-decoder-webm-vp8: 9c59270c3fd7afecdb556c50c9e8de78 -> 
  custom:audio-decoder-ogg-vorbis: bf7c407c2cedff20999df2af8eb42d56 -> 
========================================================================
Received Prepare
Registering precompiled user dll's ...
Registered in 0.006049 seconds.
Begin MonoManager ReloadAssembly
Native extension for WindowsStandalone target not found
Native extension for WebGL target not found
Refreshing native plugins compatible for Editor in 0.11 ms, found 0 plugins.
Preloading 0 native plugins for Editor in 0.00 ms.
Mono: successfully reloaded assembly
- Completed reload, in  0.465 seconds
Domain Reload Profiling:
	ReloadAssembly (465ms)
		BeginReloadAssembly (100ms)
			ExecutionOrderSort (0ms)
			DisableScriptedObjects (5ms)
			BackupInstance (0ms)
			ReleaseScriptingObjects (0ms)
			CreateAndSetChildDomain (19ms)
		EndReloadAssembly (311ms)
			LoadAssemblies (58ms)
			RebuildTransferFunctionScriptingTraits (0ms)
			SetupTypeCache (100ms)
			ReleaseScriptCaches (0ms)
			RebuildScriptCaches (16ms)
			SetupLoadedEditorAssemblies (88ms)
				LogAssemblyErrors (0ms)
				InitializePlatformSupportModulesInManaged (8ms)
				SetLoadedEditorAssemblies (0ms)
				RefreshPlugins (0ms)
				BeforeProcessingInitializeOnLoad (9ms)
				ProcessInitializeOnLoadAttributes (55ms)
				ProcessInitializeOnLoadMethodAttributes (13ms)
				AfterProcessingInitializeOnLoad (2ms)
				EditorAssembliesLoaded (0ms)
			ExecutionOrderSort2 (0ms)
			AwakeInstancesAfterBackupRestoration (11ms)
Platform modules already initialized, skipping
Refreshing native plugins compatible for Editor in 0.12 ms, found 0 plugins.
Preloading 0 native plugins for Editor in 0.00 ms.
Unloading 53 Unused Serialized files (Serialized files now loaded: 0)
Unloading 25 unused Assets / (31.8 KB). Loaded Objects now: 1164.
Memory consumption went from 44.2 MB to 44.2 MB.
Total: 1.725800 ms (FindLiveObjects: 0.072800 ms CreateObjectMapping: 0.006800 ms MarkObjects: 1.634700 ms  DeleteObjects: 0.010900 ms)

AssetImportParameters requested are different than current active one (requested -> active):
  custom:video-decoder-ogg-theora: a1e56fd34408186e4bbccfd4996cb3dc -> 
  custom:container-muxer-webm: aa71ff27fc2769a1b78a27578f13a17b -> 
  custom:container-demuxer-webm: 4f35f7cbe854078d1ac9338744f61a02 -> 
  custom:video-encoder-webm-vp8: eb34c28f22e8b96e1ab97ce403110664 -> 
  custom:video-codec-MediaFoundation-h265: 746d11721c4dcdbdad8f713fa42b33f4 -> 
  custom:audio-encoder-webm-vorbis: bf7c407c2cedff20999df2af8eb42d56 -> 
  custom:framework-win-MediaFoundation: 216162199b28c13a410421893ffa2e32 -> 
  custom:container-demuxer-ogg: 62fdf1f143b41e24485cea50d1cbac27 -> 
  custom:video-decoder-webm-vp8: 9c59270c3fd7afecdb556c50c9e8de78 -> 
  custom:audio-decoder-ogg-vorbis: bf7c407c2cedff20999df2af8eb42d56 -> 
========================================================================
Received Prepare
Registering precompiled user dll's ...
Registered in 0.006627 seconds.
Begin MonoManager ReloadAssembly
Native extension for WindowsStandalone target not found
Native extension for WebGL target not found
Refreshing native plugins compatible for Editor in 0.13 ms, found 0 plugins.
Preloading 0 native plugins for Editor in 0.00 ms.
Mono: successfully reloaded assembly
- Completed reload, in  0.443 seconds
Domain Reload Profiling:
	ReloadAssembly (443ms)
		BeginReloadAssembly (101ms)
			ExecutionOrderSort (0ms)
			DisableScriptedObjects (7ms)
			BackupInstance (0ms)
			ReleaseScriptingObjects (0ms)
			CreateAndSetChildDomain (18ms)
		EndReloadAssembly (289ms)
			LoadAssemblies (58ms)
			RebuildTransferFunctionScriptingTraits (0ms)
			SetupTypeCache (94ms)
			ReleaseScriptCaches (0ms)
			RebuildScriptCaches (14ms)
			SetupLoadedEditorAssemblies (81ms)
				LogAssemblyErrors (0ms)
				InitializePlatformSupportModulesInManaged (8ms)
				SetLoadedEditorAssemblies (0ms)
				RefreshPlugins (0ms)
				BeforeProcessingInitializeOnLoad (8ms)
				ProcessInitializeOnLoadAttributes (53ms)
				ProcessInitializeOnLoadMethodAttributes (10ms)
				AfterProcessingInitializeOnLoad (2ms)
				EditorAssembliesLoaded (0ms)
			ExecutionOrderSort2 (0ms)
			AwakeInstancesAfterBackupRestoration (12ms)
Platform modules already initialized, skipping
Refreshing native plugins compatible for Editor in 0.11 ms, found 0 plugins.
Preloading 0 native plugins for Editor in 0.00 ms.
Unloading 53 Unused Serialized files (Serialized files now loaded: 0)
Unloading 25 unused Assets / (31.8 KB). Loaded Objects now: 1164.
Memory consumption went from 44.2 MB to 44.2 MB.
Total: 1.610700 ms (FindLiveObjects: 0.078400 ms CreateObjectMapping: 0.009600 ms MarkObjects: 1.507700 ms  DeleteObjects: 0.014400 ms)

AssetImportParameters requested are different than current active one (requested -> active):
  custom:video-decoder-ogg-theora: a1e56fd34408186e4bbccfd4996cb3dc -> 
  custom:container-muxer-webm: aa71ff27fc2769a1b78a27578f13a17b -> 
  custom:container-demuxer-webm: 4f35f7cbe854078d1ac9338744f61a02 -> 
  custom:video-encoder-webm-vp8: eb34c28f22e8b96e1ab97ce403110664 -> 
  custom:video-codec-MediaFoundation-h265: 746d11721c4dcdbdad8f713fa42b33f4 -> 
  custom:audio-encoder-webm-vorbis: bf7c407c2cedff20999df2af8eb42d56 -> 
  custom:framework-win-MediaFoundation: 216162199b28c13a410421893ffa2e32 -> 
  custom:container-demuxer-ogg: 62fdf1f143b41e24485cea50d1cbac27 -> 
  custom:video-decoder-webm-vp8: 9c59270c3fd7afecdb556c50c9e8de78 -> 
  custom:audio-decoder-ogg-vorbis: bf7c407c2cedff20999df2af8eb42d56 -> 
========================================================================
Received Prepare
Registering precompiled user dll's ...
Registered in 0.005823 seconds.
Begin MonoManager ReloadAssembly
Native extension for WindowsStandalone target not found
Native extension for WebGL target not found
Refreshing native plugins compatible for Editor in 0.17 ms, found 0 plugins.
Preloading 0 native plugins for Editor in 0.00 ms.
Mono: successfully reloaded assembly
- Completed reload, in  0.446 seconds
Domain Reload Profiling:
	ReloadAssembly (446ms)
		BeginReloadAssembly (91ms)
			ExecutionOrderSort (0ms)
			DisableScriptedObjects (5ms)
			BackupInstance (0ms)
			ReleaseScriptingObjects (0ms)
			CreateAndSetChildDomain (18ms)
		EndReloadAssembly (301ms)
			LoadAssemblies (58ms)
			RebuildTransferFunctionScriptingTraits (0ms)
			SetupTypeCache (89ms)
			ReleaseScriptCaches (0ms)
			RebuildScriptCaches (19ms)
			SetupLoadedEditorAssemblies (90ms)
				LogAssemblyErrors (0ms)
				InitializePlatformSupportModulesInManaged (9ms)
				SetLoadedEditorAssemblies (0ms)
				RefreshPlugins (0ms)
				BeforeProcessingInitializeOnLoad (13ms)
				ProcessInitializeOnLoadAttributes (55ms)
				ProcessInitializeOnLoadMethodAttributes (12ms)
				AfterProcessingInitializeOnLoad (2ms)
				EditorAssembliesLoaded (0ms)
			ExecutionOrderSort2 (0ms)
			AwakeInstancesAfterBackupRestoration (10ms)
Platform modules already initialized, skipping
Refreshing native plugins compatible for Editor in 0.12 ms, found 0 plugins.
Preloading 0 native plugins for Editor in 0.00 ms.
Unloading 53 Unused Serialized files (Serialized files now loaded: 0)
Unloading 25 unused Assets / (31.8 KB). Loaded Objects now: 1164.
Memory consumption went from 44.3 MB to 44.2 MB.
Total: 2.105900 ms (FindLiveObjects: 0.071200 ms CreateObjectMapping: 0.007000 ms MarkObjects: 2.004800 ms  DeleteObjects: 0.022300 ms)

AssetImportParameters requested are different than current active one (requested -> active):
  custom:video-decoder-ogg-theora: a1e56fd34408186e4bbccfd4996cb3dc -> 
  custom:container-muxer-webm: aa71ff27fc2769a1b78a27578f13a17b -> 
  custom:container-demuxer-webm: 4f35f7cbe854078d1ac9338744f61a02 -> 
  custom:video-encoder-webm-vp8: eb34c28f22e8b96e1ab97ce403110664 -> 
  custom:video-codec-MediaFoundation-h265: 746d11721c4dcdbdad8f713fa42b33f4 -> 
  custom:audio-encoder-webm-vorbis: bf7c407c2cedff20999df2af8eb42d56 -> 
  custom:framework-win-MediaFoundation: 216162199b28c13a410421893ffa2e32 -> 
  custom:container-demuxer-ogg: 62fdf1f143b41e24485cea50d1cbac27 -> 
  custom:video-decoder-webm-vp8: 9c59270c3fd7afecdb556c50c9e8de78 -> 
  custom:audio-decoder-ogg-vorbis: bf7c407c2cedff20999df2af8eb42d56 -> 
========================================================================
Received Prepare
Registering precompiled user dll's ...
Registered in 0.005958 seconds.
Begin MonoManager ReloadAssembly
Native extension for WindowsStandalone target not found
Native extension for WebGL target not found
Refreshing native plugins compatible for Editor in 0.24 ms, found 0 plugins.
Preloading 0 native plugins for Editor in 0.00 ms.
Mono: successfully reloaded assembly
- Completed reload, in  0.471 seconds
Domain Reload Profiling:
	ReloadAssembly (472ms)
		BeginReloadAssembly (97ms)
			ExecutionOrderSort (0ms)
			DisableScriptedObjects (5ms)
			BackupInstance (0ms)
			ReleaseScriptingObjects (0ms)
			CreateAndSetChildDomain (18ms)
		EndReloadAssembly (321ms)
			LoadAssemblies (49ms)
			RebuildTransferFunctionScriptingTraits (0ms)
			SetupTypeCache (91ms)
			ReleaseScriptCaches (0ms)
			RebuildScriptCaches (18ms)
			SetupLoadedEditorAssemblies (91ms)
				LogAssemblyErrors (0ms)
				InitializePlatformSupportModulesInManaged (11ms)
				SetLoadedEditorAssemblies (0ms)
				RefreshPlugins (0ms)
				BeforeProcessingInitializeOnLoad (11ms)
				ProcessInitializeOnLoadAttributes (56ms)
				ProcessInitializeOnLoadMethodAttributes (10ms)
				AfterProcessingInitializeOnLoad (2ms)
				EditorAssembliesLoaded (0ms)
			ExecutionOrderSort2 (0ms)
			AwakeInstancesAfterBackupRestoration (12ms)
Platform modules already initialized, skipping
Refreshing native plugins compatible for Editor in 0.11 ms, found 0 plugins.
Preloading 0 native plugins for Editor in 0.00 ms.
Unloading 53 Unused Serialized files (Serialized files now loaded: 0)
Unloading 25 unused Assets / (31.8 KB). Loaded Objects now: 1164.
Memory consumption went from 44.2 MB to 44.2 MB.
Total: 1.547300 ms (FindLiveObjects: 0.081800 ms CreateObjectMapping: 0.007100 ms MarkObjects: 1.445600 ms  DeleteObjects: 0.012300 ms)

AssetImportParameters requested are different than current active one (requested -> active):
  custom:video-decoder-ogg-theora: a1e56fd34408186e4bbccfd4996cb3dc -> 
  custom:container-muxer-webm: aa71ff27fc2769a1b78a27578f13a17b -> 
  custom:container-demuxer-webm: 4f35f7cbe854078d1ac9338744f61a02 -> 
  custom:video-encoder-webm-vp8: eb34c28f22e8b96e1ab97ce403110664 -> 
  custom:video-codec-MediaFoundation-h265: 746d11721c4dcdbdad8f713fa42b33f4 -> 
  custom:audio-encoder-webm-vorbis: bf7c407c2cedff20999df2af8eb42d56 -> 
  custom:framework-win-MediaFoundation: 216162199b28c13a410421893ffa2e32 -> 
  custom:container-demuxer-ogg: 62fdf1f143b41e24485cea50d1cbac27 -> 
  custom:video-decoder-webm-vp8: 9c59270c3fd7afecdb556c50c9e8de78 -> 
  custom:audio-decoder-ogg-vorbis: bf7c407c2cedff20999df2af8eb42d56 -> 
========================================================================
Received Prepare
Registering precompiled user dll's ...
Registered in 0.006108 seconds.
Begin MonoManager ReloadAssembly
Native extension for WindowsStandalone target not found
Native extension for WebGL target not found
Refreshing native plugins compatible for Editor in 0.12 ms, found 0 plugins.
Preloading 0 native plugins for Editor in 0.00 ms.
Mono: successfully reloaded assembly
- Completed reload, in  0.464 seconds
Domain Reload Profiling:
	ReloadAssembly (464ms)
		BeginReloadAssembly (101ms)
			ExecutionOrderSort (0ms)
			DisableScriptedObjects (5ms)
			BackupInstance (0ms)
			ReleaseScriptingObjects (0ms)
			CreateAndSetChildDomain (20ms)
		EndReloadAssembly (311ms)
			LoadAssemblies (58ms)
			RebuildTransferFunctionScriptingTraits (0ms)
			SetupTypeCache (94ms)
			ReleaseScriptCaches (0ms)
			RebuildScriptCaches (15ms)
			SetupLoadedEditorAssemblies (90ms)
				LogAssemblyErrors (0ms)
				InitializePlatformSupportModulesInManaged (8ms)
				SetLoadedEditorAssemblies (0ms)
				RefreshPlugins (0ms)
				BeforeProcessingInitializeOnLoad (9ms)
				ProcessInitializeOnLoadAttributes (61ms)
				ProcessInitializeOnLoadMethodAttributes (10ms)
				AfterProcessingInitializeOnLoad (2ms)
				EditorAssembliesLoaded (0ms)
			ExecutionOrderSort2 (0ms)
			AwakeInstancesAfterBackupRestoration (11ms)
Platform modules already initialized, skipping
Refreshing native plugins compatible for Editor in 0.11 ms, found 0 plugins.
Preloading 0 native plugins for Editor in 0.00 ms.
Unloading 53 Unused Serialized files (Serialized files now loaded: 0)
Unloading 25 unused Assets / (31.8 KB). Loaded Objects now: 1164.
Memory consumption went from 44.4 MB to 44.3 MB.
Total: 1.496000 ms (FindLiveObjects: 0.076000 ms CreateObjectMapping: 0.007100 ms MarkObjects: 1.402000 ms  DeleteObjects: 0.010300 ms)

AssetImportParameters requested are different than current active one (requested -> active):
  custom:video-decoder-ogg-theora: a1e56fd34408186e4bbccfd4996cb3dc -> 
  custom:container-muxer-webm: aa71ff27fc2769a1b78a27578f13a17b -> 
  custom:container-demuxer-webm: 4f35f7cbe854078d1ac9338744f61a02 -> 
  custom:video-encoder-webm-vp8: eb34c28f22e8b96e1ab97ce403110664 -> 
  custom:video-codec-MediaFoundation-h265: 746d11721c4dcdbdad8f713fa42b33f4 -> 
  custom:audio-encoder-webm-vorbis: bf7c407c2cedff20999df2af8eb42d56 -> 
  custom:framework-win-MediaFoundation: 216162199b28c13a410421893ffa2e32 -> 
  custom:container-demuxer-ogg: 62fdf1f143b41e24485cea50d1cbac27 -> 
  custom:video-decoder-webm-vp8: 9c59270c3fd7afecdb556c50c9e8de78 -> 
  custom:audio-decoder-ogg-vorbis: bf7c407c2cedff20999df2af8eb42d56 -> 
========================================================================
Received Import Request.
  Time since last request: 976.624596 seconds.
  path: Assets/Scripts/Assembly-CSharp
  artifactKey: Guid(c37fdab2f3d42c244935b4c602e9434f) Importer(815301076,1909f56bfc062723c751e8b465ee728b)
Start importing Assets/Scripts/Assembly-CSharp using Guid(c37fdab2f3d42c244935b4c602e9434f) Importer(815301076,1909f56bfc062723c751e8b465ee728b)  -> (artifact id: '2a67547ee06b704a753dc94e71ecddfc') in 0.002137 seconds 
========================================================================
Received Import Request.
  Time since last request: 2.112806 seconds.
  path: Assets/Scripts/Assembly-CSharp/BulletSys.cs
  artifactKey: Guid(7b7197839743d095287cdadc27f98d56) Importer(815301076,1909f56bfc062723c751e8b465ee728b)
Start importing Assets/Scripts/Assembly-CSharp/BulletSys.cs using Guid(7b7197839743d095287cdadc27f98d56) Importer(815301076,1909f56bfc062723c751e8b465ee728b)  -> (artifact id: 'ea23c600c8a9de737bd7c01442131dff') in 0.030883 seconds 
========================================================================
Received Import Request.
  Time since last request: 12.869970 seconds.
  path: Assets/Scripts/Assembly-CSharp/BosBar.cs
  artifactKey: Guid(173528116a4e628a35067cbf9c2bab4b) Importer(815301076,1909f56bfc062723c751e8b465ee728b)
Start importing Assets/Scripts/Assembly-CSharp/BosBar.cs using Guid(173528116a4e628a35067cbf9c2bab4b) Importer(815301076,1909f56bfc062723c751e8b465ee728b)  -> (artifact id: 'c5ba6477aca3cad4222e39b3981a9665') in 0.001249 seconds 
========================================================================
Received Import Request.
  Time since last request: 2.692963 seconds.
  path: Assets/Scripts/Assembly-CSharp/CamShake.cs
  artifactKey: Guid(96dc0da0bc4d990b1fb9c176bd7f98e4) Importer(815301076,1909f56bfc062723c751e8b465ee728b)
Start importing Assets/Scripts/Assembly-CSharp/CamShake.cs using Guid(96dc0da0bc4d990b1fb9c176bd7f98e4) Importer(815301076,1909f56bfc062723c751e8b465ee728b)  -> (artifact id: '98cdd7a664829d485b5f220b19c2db37') in 0.012213 seconds 
========================================================================
Received Import Request.
  Time since last request: 0.420256 seconds.
  path: Assets/Scripts/Assembly-CSharp/Destroyer.cs
  artifactKey: Guid(d8b74aabff9ba364155214111e7d3170) Importer(815301076,1909f56bfc062723c751e8b465ee728b)
Start importing Assets/Scripts/Assembly-CSharp/Destroyer.cs using Guid(d8b74aabff9ba364155214111e7d3170) Importer(815301076,1909f56bfc062723c751e8b465ee728b)  -> (artifact id: 'd865ceabe43151ebcc560c12dd8a7974') in 0.012490 seconds 
========================================================================
Received Import Request.
  Time since last request: 1.522323 seconds.
  path: Assets/Scripts/Assembly-CSharp/EnemieMove.cs
  artifactKey: Guid(8a96f130baa058007b4318cbb1928592) Importer(815301076,1909f56bfc062723c751e8b465ee728b)
Start importing Assets/Scripts/Assembly-CSharp/EnemieMove.cs using Guid(8a96f130baa058007b4318cbb1928592) Importer(815301076,1909f56bfc062723c751e8b465ee728b)  -> (artifact id: 'c03349de0b5f766a7c0af03765bbd70e') in 0.001479 seconds 
========================================================================
Received Import Request.
  Time since last request: 0.772869 seconds.
  path: Assets/Scripts/Assembly-CSharp/FireBull.cs
  artifactKey: Guid(365415606dfd904eb7ac851d0eac5b22) Importer(815301076,1909f56bfc062723c751e8b465ee728b)
Start importing Assets/Scripts/Assembly-CSharp/FireBull.cs using Guid(365415606dfd904eb7ac851d0eac5b22) Importer(815301076,1909f56bfc062723c751e8b465ee728b)  -> (artifact id: '62211a25ef39e7f2b23514acd49b3716') in 0.001260 seconds 
========================================================================
Received Import Request.
  Time since last request: 1.727534 seconds.
  path: Assets/Scripts/Assembly-CSharp/MainMenu.cs
  artifactKey: Guid(240c3dc23bc92b5ce6b594f0fc0de86e) Importer(815301076,1909f56bfc062723c751e8b465ee728b)
Start importing Assets/Scripts/Assembly-CSharp/MainMenu.cs using Guid(240c3dc23bc92b5ce6b594f0fc0de86e) Importer(815301076,1909f56bfc062723c751e8b465ee728b)  -> (artifact id: '18027efb24b39b57e8880f75f7ba635d') in 0.001368 seconds 
========================================================================
Received Import Request.
  Time since last request: 0.382644 seconds.
  path: Assets/Scripts/Assembly-CSharp/minionFlip.cs
  artifactKey: Guid(1970e8ea3c72f5c4e13d12616d102ef8) Importer(815301076,1909f56bfc062723c751e8b465ee728b)
Start importing Assets/Scripts/Assembly-CSharp/minionFlip.cs using Guid(1970e8ea3c72f5c4e13d12616d102ef8) Importer(815301076,1909f56bfc062723c751e8b465ee728b)  -> (artifact id: '17c5d7af6798f319e2c9b6378808d5c7') in 0.001047 seconds 
========================================================================
Received Prepare
Registering precompiled user dll's ...
Registered in 0.005711 seconds.
Begin MonoManager ReloadAssembly
Native extension for WindowsStandalone target not found
Native extension for WebGL target not found
Refreshing native plugins compatible for Editor in 0.13 ms, found 0 plugins.
Preloading 0 native plugins for Editor in 0.00 ms.
Mono: successfully reloaded assembly
- Completed reload, in  0.460 seconds
Domain Reload Profiling:
	ReloadAssembly (460ms)
		BeginReloadAssembly (98ms)
			ExecutionOrderSort (0ms)
			DisableScriptedObjects (5ms)
			BackupInstance (0ms)
			ReleaseScriptingObjects (0ms)
			CreateAndSetChildDomain (19ms)
		EndReloadAssembly (305ms)
			LoadAssemblies (58ms)
			RebuildTransferFunctionScriptingTraits (0ms)
			SetupTypeCache (100ms)
			ReleaseScriptCaches (0ms)
			RebuildScriptCaches (14ms)
			SetupLoadedEditorAssemblies (82ms)
				LogAssemblyErrors (0ms)
				InitializePlatformSupportModulesInManaged (8ms)
				SetLoadedEditorAssemblies (0ms)
				RefreshPlugins (0ms)
				BeforeProcessingInitializeOnLoad (9ms)
				ProcessInitializeOnLoadAttributes (49ms)
				ProcessInitializeOnLoadMethodAttributes (12ms)
				AfterProcessingInitializeOnLoad (2ms)
				EditorAssembliesLoaded (0ms)
			ExecutionOrderSort2 (0ms)
			AwakeInstancesAfterBackupRestoration (15ms)
Platform modules already initialized, skipping
Refreshing native plugins compatible for Editor in 0.11 ms, found 0 plugins.
Preloading 0 native plugins for Editor in 0.00 ms.
Unloading 53 Unused Serialized files (Serialized files now loaded: 0)
Unloading 25 unused Assets / (32.8 KB). Loaded Objects now: 1164.
Memory consumption went from 44.3 MB to 44.3 MB.
Total: 2.189100 ms (FindLiveObjects: 0.128900 ms CreateObjectMapping: 0.008800 ms MarkObjects: 2.033800 ms  DeleteObjects: 0.016800 ms)

AssetImportParameters requested are different than current active one (requested -> active):
  custom:video-decoder-ogg-theora: a1e56fd34408186e4bbccfd4996cb3dc -> 
  custom:container-muxer-webm: aa71ff27fc2769a1b78a27578f13a17b -> 
  custom:container-demuxer-webm: 4f35f7cbe854078d1ac9338744f61a02 -> 
  custom:video-encoder-webm-vp8: eb34c28f22e8b96e1ab97ce403110664 -> 
  custom:video-codec-MediaFoundation-h265: 746d11721c4dcdbdad8f713fa42b33f4 -> 
  custom:audio-encoder-webm-vorbis: bf7c407c2cedff20999df2af8eb42d56 -> 
  custom:framework-win-MediaFoundation: 216162199b28c13a410421893ffa2e32 -> 
  custom:container-demuxer-ogg: 62fdf1f143b41e24485cea50d1cbac27 -> 
  custom:video-decoder-webm-vp8: 9c59270c3fd7afecdb556c50c9e8de78 -> 
  custom:audio-decoder-ogg-vorbis: bf7c407c2cedff20999df2af8eb42d56 -> 
========================================================================
Received Prepare
Registering precompiled user dll's ...
Registered in 0.007269 seconds.
Begin MonoManager ReloadAssembly
Native extension for WindowsStandalone target not found
Native extension for WebGL target not found
Refreshing native plugins compatible for Editor in 0.13 ms, found 0 plugins.
Preloading 0 native plugins for Editor in 0.00 ms.
Mono: successfully reloaded assembly
- Completed reload, in  0.457 seconds
Domain Reload Profiling:
	ReloadAssembly (457ms)
		BeginReloadAssembly (109ms)
			ExecutionOrderSort (0ms)
			DisableScriptedObjects (6ms)
			BackupInstance (0ms)
			ReleaseScriptingObjects (0ms)
			CreateAndSetChildDomain (18ms)
		EndReloadAssembly (289ms)
			LoadAssemblies (67ms)
			RebuildTransferFunctionScriptingTraits (0ms)
			SetupTypeCache (94ms)
			ReleaseScriptCaches (0ms)
			RebuildScriptCaches (13ms)
			SetupLoadedEditorAssemblies (83ms)
				LogAssemblyErrors (0ms)
				InitializePlatformSupportModulesInManaged (8ms)
				SetLoadedEditorAssemblies (0ms)
				RefreshPlugins (0ms)
				BeforeProcessingInitializeOnLoad (9ms)
				ProcessInitializeOnLoadAttributes (53ms)
				ProcessInitializeOnLoadMethodAttributes (11ms)
				AfterProcessingInitializeOnLoad (2ms)
				EditorAssembliesLoaded (0ms)
			ExecutionOrderSort2 (0ms)
			AwakeInstancesAfterBackupRestoration (11ms)
Platform modules already initialized, skipping
Refreshing native plugins compatible for Editor in 0.18 ms, found 0 plugins.
Preloading 0 native plugins for Editor in 0.00 ms.
Unloading 53 Unused Serialized files (Serialized files now loaded: 0)
Unloading 25 unused Assets / (31.8 KB). Loaded Objects now: 1164.
Memory consumption went from 44.4 MB to 44.4 MB.
Total: 2.284500 ms (FindLiveObjects: 0.110800 ms CreateObjectMapping: 0.006900 ms MarkObjects: 2.152400 ms  DeleteObjects: 0.012500 ms)

AssetImportParameters requested are different than current active one (requested -> active):
  custom:video-decoder-ogg-theora: a1e56fd34408186e4bbccfd4996cb3dc -> 
  custom:container-muxer-webm: aa71ff27fc2769a1b78a27578f13a17b -> 
  custom:container-demuxer-webm: 4f35f7cbe854078d1ac9338744f61a02 -> 
  custom:video-encoder-webm-vp8: eb34c28f22e8b96e1ab97ce403110664 -> 
  custom:video-codec-MediaFoundation-h265: 746d11721c4dcdbdad8f713fa42b33f4 -> 
  custom:audio-encoder-webm-vorbis: bf7c407c2cedff20999df2af8eb42d56 -> 
  custom:framework-win-MediaFoundation: 216162199b28c13a410421893ffa2e32 -> 
  custom:container-demuxer-ogg: 62fdf1f143b41e24485cea50d1cbac27 -> 
  custom:video-decoder-webm-vp8: 9c59270c3fd7afecdb556c50c9e8de78 -> 
  custom:audio-decoder-ogg-vorbis: bf7c407c2cedff20999df2af8eb42d56 -> 
========================================================================
Received Prepare
Registering precompiled user dll's ...
Registered in 0.005895 seconds.
Begin MonoManager ReloadAssembly
Native extension for WindowsStandalone target not found
Native extension for WebGL target not found
Refreshing native plugins compatible for Editor in 0.21 ms, found 0 plugins.
Preloading 0 native plugins for Editor in 0.00 ms.
Mono: successfully reloaded assembly
- Completed reload, in  0.489 seconds
Domain Reload Profiling:
	ReloadAssembly (489ms)
		BeginReloadAssembly (106ms)
			ExecutionOrderSort (0ms)
			DisableScriptedObjects (5ms)
			BackupInstance (0ms)
			ReleaseScriptingObjects (0ms)
			CreateAndSetChildDomain (21ms)
		EndReloadAssembly (318ms)
			LoadAssemblies (65ms)
			RebuildTransferFunctionScriptingTraits (0ms)
			SetupTypeCache (97ms)
			ReleaseScriptCaches (0ms)
			RebuildScriptCaches (14ms)
			SetupLoadedEditorAssemblies (94ms)
				LogAssemblyErrors (0ms)
				InitializePlatformSupportModulesInManaged (9ms)
				SetLoadedEditorAssemblies (0ms)
				RefreshPlugins (0ms)
				BeforeProcessingInitializeOnLoad (9ms)
				ProcessInitializeOnLoadAttributes (61ms)
				ProcessInitializeOnLoadMethodAttributes (13ms)
				AfterProcessingInitializeOnLoad (2ms)
				EditorAssembliesLoaded (0ms)
			ExecutionOrderSort2 (0ms)
			AwakeInstancesAfterBackupRestoration (11ms)
Platform modules already initialized, skipping
Refreshing native plugins compatible for Editor in 0.17 ms, found 0 plugins.
Preloading 0 native plugins for Editor in 0.00 ms.
Unloading 53 Unused Serialized files (Serialized files now loaded: 0)
Unloading 25 unused Assets / (31.8 KB). Loaded Objects now: 1164.
Memory consumption went from 44.3 MB to 44.3 MB.
Total: 1.644600 ms (FindLiveObjects: 0.067700 ms CreateObjectMapping: 0.007000 ms MarkObjects: 1.549400 ms  DeleteObjects: 0.019800 ms)

AssetImportParameters requested are different than current active one (requested -> active):
  custom:video-decoder-ogg-theora: a1e56fd34408186e4bbccfd4996cb3dc -> 
  custom:container-muxer-webm: aa71ff27fc2769a1b78a27578f13a17b -> 
  custom:container-demuxer-webm: 4f35f7cbe854078d1ac9338744f61a02 -> 
  custom:video-encoder-webm-vp8: eb34c28f22e8b96e1ab97ce403110664 -> 
  custom:video-codec-MediaFoundation-h265: 746d11721c4dcdbdad8f713fa42b33f4 -> 
  custom:audio-encoder-webm-vorbis: bf7c407c2cedff20999df2af8eb42d56 -> 
  custom:framework-win-MediaFoundation: 216162199b28c13a410421893ffa2e32 -> 
  custom:container-demuxer-ogg: 62fdf1f143b41e24485cea50d1cbac27 -> 
  custom:video-decoder-webm-vp8: 9c59270c3fd7afecdb556c50c9e8de78 -> 
  custom:audio-decoder-ogg-vorbis: bf7c407c2cedff20999df2af8eb42d56 -> 
========================================================================
Received Import Request.
  Time since last request: 1558.975672 seconds.
  path: Assets/GameObject/BulletPlayer.prefab
  artifactKey: Guid(3f26da738601a884d9399c686e446e48) Importer(815301076,1909f56bfc062723c751e8b465ee728b)
Start importing Assets/GameObject/BulletPlayer.prefab using Guid(3f26da738601a884d9399c686e446e48) Importer(815301076,1909f56bfc062723c751e8b465ee728b)  -> (artifact id: '7cd206865e66e264c209d6335b64fcf8') in 0.233184 seconds 
========================================================================
Received Import Request.
  Time since last request: 4.899797 seconds.
  path: Assets/GameObject/BulletPlayer.prefab
  artifactKey: Guid(3f26da738601a884d9399c686e446e48) Importer(815301076,1909f56bfc062723c751e8b465ee728b)
Start importing Assets/GameObject/BulletPlayer.prefab using Guid(3f26da738601a884d9399c686e446e48) Importer(815301076,1909f56bfc062723c751e8b465ee728b)  -> (artifact id: 'ef594c678fc77e7bb13c3ae6134d88db') in 0.009220 seconds 
========================================================================
Received Import Request.
  Time since last request: 4.344447 seconds.
  path: Assets/GameObject/BulletPlayer.prefab
  artifactKey: Guid(3f26da738601a884d9399c686e446e48) Importer(815301076,1909f56bfc062723c751e8b465ee728b)
Start importing Assets/GameObject/BulletPlayer.prefab using Guid(3f26da738601a884d9399c686e446e48) Importer(815301076,1909f56bfc062723c751e8b465ee728b)  -> (artifact id: '94bb5991bedc9145e1c42f55867fafdd') in 0.009010 seconds 
========================================================================
Received Import Request.
  Time since last request: 6.665709 seconds.
  path: Assets/GameObject/BulletPlayer.prefab
  artifactKey: Guid(3f26da738601a884d9399c686e446e48) Importer(815301076,1909f56bfc062723c751e8b465ee728b)
Start importing Assets/GameObject/BulletPlayer.prefab using Guid(3f26da738601a884d9399c686e446e48) Importer(815301076,1909f56bfc062723c751e8b465ee728b)  -> (artifact id: 'c9d3ce0589334af9f7a13fee149710ff') in 0.010045 seconds 
========================================================================
Received Import Request.
  Time since last request: 3.425511 seconds.
  path: Assets/GameObject/BulletPlayer.prefab
  artifactKey: Guid(3f26da738601a884d9399c686e446e48) Importer(815301076,1909f56bfc062723c751e8b465ee728b)
Start importing Assets/GameObject/BulletPlayer.prefab using Guid(3f26da738601a884d9399c686e446e48) Importer(815301076,1909f56bfc062723c751e8b465ee728b)  -> (artifact id: 'e0d3c77885541f884c23fd363350f473') in 0.037849 seconds 
========================================================================
Received Import Request.
  Time since last request: 1.988360 seconds.
  path: Assets/GameObject/BulletPlayer.prefab
  artifactKey: Guid(3f26da738601a884d9399c686e446e48) Importer(815301076,1909f56bfc062723c751e8b465ee728b)
Start importing Assets/GameObject/BulletPlayer.prefab using Guid(3f26da738601a884d9399c686e446e48) Importer(815301076,1909f56bfc062723c751e8b465ee728b)  -> (artifact id: '9807d592422484750eacdad137a19667') in 0.010460 seconds 
========================================================================
Received Import Request.
  Time since last request: 10.015129 seconds.
  path: Assets/GameObject/bullet.prefab
  artifactKey: Guid(2dbf6572bca47d545a89a98608e98c89) Importer(815301076,1909f56bfc062723c751e8b465ee728b)
Start importing Assets/GameObject/bullet.prefab using Guid(2dbf6572bca47d545a89a98608e98c89) Importer(815301076,1909f56bfc062723c751e8b465ee728b)  -> (artifact id: 'c846470397b1b187d2ad0d93d92904c0') in 0.135425 seconds 
========================================================================
Received Import Request.
  Time since last request: 2.090827 seconds.
  path: Assets/GameObject/bullet.prefab
  artifactKey: Guid(2dbf6572bca47d545a89a98608e98c89) Importer(815301076,1909f56bfc062723c751e8b465ee728b)
Start importing Assets/GameObject/bullet.prefab using Guid(2dbf6572bca47d545a89a98608e98c89) Importer(815301076,1909f56bfc062723c751e8b465ee728b)  -> (artifact id: '3983fa6953fde367c02803a955af9943') in 0.008750 seconds 
========================================================================
Received Import Request.
  Time since last request: 2.008922 seconds.
  path: Assets/GameObject/bullet.prefab
  artifactKey: Guid(2dbf6572bca47d545a89a98608e98c89) Importer(815301076,1909f56bfc062723c751e8b465ee728b)
Start importing Assets/GameObject/bullet.prefab using Guid(2dbf6572bca47d545a89a98608e98c89) Importer(815301076,1909f56bfc062723c751e8b465ee728b)  -> (artifact id: '84d1d504ccd97e453f811f6efc3648a0') in 0.008648 seconds 
========================================================================
Received Import Request.
  Time since last request: 3.690707 seconds.
  path: Assets/GameObject/bullet.prefab
  artifactKey: Guid(2dbf6572bca47d545a89a98608e98c89) Importer(815301076,1909f56bfc062723c751e8b465ee728b)
Start importing Assets/GameObject/bullet.prefab using Guid(2dbf6572bca47d545a89a98608e98c89) Importer(815301076,1909f56bfc062723c751e8b465ee728b)  -> (artifact id: '60b68adbc2cb8783ca94c6e7abc0fced') in 0.009405 seconds 
========================================================================
Received Prepare
Registering precompiled user dll's ...
Registered in 0.005410 seconds.
Begin MonoManager ReloadAssembly
Native extension for WindowsStandalone target not found
Native extension for WebGL target not found
Refreshing native plugins compatible for Editor in 0.13 ms, found 0 plugins.
Preloading 0 native plugins for Editor in 0.00 ms.
Mono: successfully reloaded assembly
- Completed reload, in  0.435 seconds
Domain Reload Profiling:
	ReloadAssembly (436ms)
		BeginReloadAssembly (93ms)
			ExecutionOrderSort (0ms)
			DisableScriptedObjects (4ms)
			BackupInstance (0ms)
			ReleaseScriptingObjects (0ms)
			CreateAndSetChildDomain (20ms)
		EndReloadAssembly (288ms)
			LoadAssemblies (60ms)
			RebuildTransferFunctionScriptingTraits (0ms)
			SetupTypeCache (85ms)
			ReleaseScriptCaches (0ms)
			RebuildScriptCaches (14ms)
			SetupLoadedEditorAssemblies (90ms)
				LogAssemblyErrors (0ms)
				InitializePlatformSupportModulesInManaged (9ms)
				SetLoadedEditorAssemblies (0ms)
				RefreshPlugins (0ms)
				BeforeProcessingInitializeOnLoad (9ms)
				ProcessInitializeOnLoadAttributes (59ms)
				ProcessInitializeOnLoadMethodAttributes (10ms)
				AfterProcessingInitializeOnLoad (2ms)
				EditorAssembliesLoaded (0ms)
			ExecutionOrderSort2 (0ms)
			AwakeInstancesAfterBackupRestoration (10ms)
Platform modules already initialized, skipping
Refreshing native plugins compatible for Editor in 0.11 ms, found 0 plugins.
Preloading 0 native plugins for Editor in 0.00 ms.
Unloading 53 Unused Serialized files (Serialized files now loaded: 0)
Unloading 25 unused Assets / (31.8 KB). Loaded Objects now: 1167.
Memory consumption went from 44.4 MB to 44.4 MB.
Total: 1.687300 ms (FindLiveObjects: 0.089800 ms CreateObjectMapping: 0.011800 ms MarkObjects: 1.571600 ms  DeleteObjects: 0.013400 ms)

AssetImportParameters requested are different than current active one (requested -> active):
  custom:video-decoder-ogg-theora: a1e56fd34408186e4bbccfd4996cb3dc -> 
  custom:container-muxer-webm: aa71ff27fc2769a1b78a27578f13a17b -> 
  custom:container-demuxer-webm: 4f35f7cbe854078d1ac9338744f61a02 -> 
  custom:video-encoder-webm-vp8: eb34c28f22e8b96e1ab97ce403110664 -> 
  custom:video-codec-MediaFoundation-h265: 746d11721c4dcdbdad8f713fa42b33f4 -> 
  custom:audio-encoder-webm-vorbis: bf7c407c2cedff20999df2af8eb42d56 -> 
  custom:framework-win-MediaFoundation: 216162199b28c13a410421893ffa2e32 -> 
  custom:container-demuxer-ogg: 62fdf1f143b41e24485cea50d1cbac27 -> 
  custom:video-decoder-webm-vp8: 9c59270c3fd7afecdb556c50c9e8de78 -> 
  custom:audio-decoder-ogg-vorbis: bf7c407c2cedff20999df2af8eb42d56 -> 
========================================================================
Received Import Request.
  Time since last request: 21.755248 seconds.
  path: Assets/GameObject/bullet.prefab
  artifactKey: Guid(2dbf6572bca47d545a89a98608e98c89) Importer(815301076,1909f56bfc062723c751e8b465ee728b)
Start importing Assets/GameObject/bullet.prefab using Guid(2dbf6572bca47d545a89a98608e98c89) Importer(815301076,1909f56bfc062723c751e8b465ee728b)  -> (artifact id: 'f230aa1924ec53dd2cf035ab6f92d211') in 0.041912 seconds 
========================================================================
Received Import Request.
  Time since last request: 7.612980 seconds.
  path: Assets/GameObject/bullet.prefab
  artifactKey: Guid(2dbf6572bca47d545a89a98608e98c89) Importer(815301076,1909f56bfc062723c751e8b465ee728b)
Start importing Assets/GameObject/bullet.prefab using Guid(2dbf6572bca47d545a89a98608e98c89) Importer(815301076,1909f56bfc062723c751e8b465ee728b)  -> (artifact id: 'c15b459a3caa04050eb7883713eaf225') in 0.008398 seconds 
========================================================================
Received Import Request.
  Time since last request: 51.369096 seconds.
  path: Assets/GameObject/BulletPlayer.prefab
  artifactKey: Guid(3f26da738601a884d9399c686e446e48) Importer(815301076,1909f56bfc062723c751e8b465ee728b)
Start importing Assets/GameObject/BulletPlayer.prefab using Guid(3f26da738601a884d9399c686e446e48) Importer(815301076,1909f56bfc062723c751e8b465ee728b)  -> (artifact id: '62582d3dfd2b28cfd6e9817878ca7555') in 0.011351 seconds 
========================================================================
Received Import Request.
  Time since last request: 1.287930 seconds.
  path: Assets/GameObject/BulletPlayer.prefab
  artifactKey: Guid(3f26da738601a884d9399c686e446e48) Importer(815301076,1909f56bfc062723c751e8b465ee728b)
Start importing Assets/GameObject/BulletPlayer.prefab using Guid(3f26da738601a884d9399c686e446e48) Importer(815301076,1909f56bfc062723c751e8b465ee728b)  -> (artifact id: 'b3e3f7ee9c55d6d9284bcb445b69406b') in 0.008724 seconds 
========================================================================
Received Import Request.
  Time since last request: 5.984392 seconds.
  path: Assets/GameObject/bullet.prefab
  artifactKey: Guid(2dbf6572bca47d545a89a98608e98c89) Importer(815301076,1909f56bfc062723c751e8b465ee728b)
Start importing Assets/GameObject/bullet.prefab using Guid(2dbf6572bca47d545a89a98608e98c89) Importer(815301076,1909f56bfc062723c751e8b465ee728b)  -> (artifact id: '55fc9e0df98c16c49a8cf7eb2901390e') in 0.009790 seconds 
========================================================================
Received Import Request.
  Time since last request: 1.166546 seconds.
  path: Assets/GameObject/bullet.prefab
  artifactKey: Guid(2dbf6572bca47d545a89a98608e98c89) Importer(815301076,1909f56bfc062723c751e8b465ee728b)
Start importing Assets/GameObject/bullet.prefab using Guid(2dbf6572bca47d545a89a98608e98c89) Importer(815301076,1909f56bfc062723c751e8b465ee728b)  -> (artifact id: '01e5f04773fdd79d341e7549bf2372da') in 0.008773 seconds 
========================================================================
Received Import Request.
  Time since last request: 1.614324 seconds.
  path: Assets/GameObject/bullet.prefab
  artifactKey: Guid(2dbf6572bca47d545a89a98608e98c89) Importer(815301076,1909f56bfc062723c751e8b465ee728b)
Start importing Assets/GameObject/bullet.prefab using Guid(2dbf6572bca47d545a89a98608e98c89) Importer(815301076,1909f56bfc062723c751e8b465ee728b)  -> (artifact id: '83b66605573dbe59ed3e747fc87918e6') in 0.008907 seconds 
========================================================================
Received Import Request.
  Time since last request: 1.467230 seconds.
  path: Assets/GameObject/bullet.prefab
  artifactKey: Guid(2dbf6572bca47d545a89a98608e98c89) Importer(815301076,1909f56bfc062723c751e8b465ee728b)
Start importing Assets/GameObject/bullet.prefab using Guid(2dbf6572bca47d545a89a98608e98c89) Importer(815301076,1909f56bfc062723c751e8b465ee728b)  -> (artifact id: '5c807e9f6d8afa2e523dae422e1c77b8') in 0.009616 seconds 
========================================================================
Received Import Request.
  Time since last request: 0.612935 seconds.
  path: Assets/GameObject/bullet.prefab
  artifactKey: Guid(2dbf6572bca47d545a89a98608e98c89) Importer(815301076,1909f56bfc062723c751e8b465ee728b)
Start importing Assets/GameObject/bullet.prefab using Guid(2dbf6572bca47d545a89a98608e98c89) Importer(815301076,1909f56bfc062723c751e8b465ee728b)  -> (artifact id: '557288b7cf632b841be101a3afe4d82d') in 0.007655 seconds 
========================================================================
Received Import Request.
  Time since last request: 4.796618 seconds.
  path: Assets/GameObject/Impact.prefab
  artifactKey: Guid(764826aee55779641972ef04dd89c848) Importer(815301076,1909f56bfc062723c751e8b465ee728b)
Start importing Assets/GameObject/Impact.prefab using Guid(764826aee55779641972ef04dd89c848) Importer(815301076,1909f56bfc062723c751e8b465ee728b)  -> (artifact id: 'b62d92db189a1f5f03f4d0679c3954c4') in 0.007681 seconds 
========================================================================
Received Import Request.
  Time since last request: 1.008085 seconds.
  path: Assets/GameObject/Impact.prefab
  artifactKey: Guid(764826aee55779641972ef04dd89c848) Importer(815301076,1909f56bfc062723c751e8b465ee728b)
Start importing Assets/GameObject/Impact.prefab using Guid(764826aee55779641972ef04dd89c848) Importer(815301076,1909f56bfc062723c751e8b465ee728b)  -> (artifact id: '0b4f916e056694f0152485c7f18b81d7') in 0.006651 seconds 
========================================================================
Received Import Request.
  Time since last request: 0.821634 seconds.
  path: Assets/GameObject/Impact.prefab
  artifactKey: Guid(764826aee55779641972ef04dd89c848) Importer(815301076,1909f56bfc062723c751e8b465ee728b)
Start importing Assets/GameObject/Impact.prefab using Guid(764826aee55779641972ef04dd89c848) Importer(815301076,1909f56bfc062723c751e8b465ee728b)  -> (artifact id: '8fdfb98c7dbac28ced90afb7a717c03a') in 0.007629 seconds 
========================================================================
Received Import Request.
  Time since last request: 1.173686 seconds.
  path: Assets/GameObject/Impact.prefab
  artifactKey: Guid(764826aee55779641972ef04dd89c848) Importer(815301076,1909f56bfc062723c751e8b465ee728b)
Start importing Assets/GameObject/Impact.prefab using Guid(764826aee55779641972ef04dd89c848) Importer(815301076,1909f56bfc062723c751e8b465ee728b)  -> (artifact id: '17d5d49c037614c487c57c607d251ab3') in 0.006022 seconds 
========================================================================
Received Import Request.
  Time since last request: 2.021768 seconds.
  path: Assets/GameObject/Impact.prefab
  artifactKey: Guid(764826aee55779641972ef04dd89c848) Importer(815301076,1909f56bfc062723c751e8b465ee728b)
Start importing Assets/GameObject/Impact.prefab using Guid(764826aee55779641972ef04dd89c848) Importer(815301076,1909f56bfc062723c751e8b465ee728b)  -> (artifact id: 'a5839835acefec9695669a01826afd83') in 0.006650 seconds 
========================================================================
Received Prepare
Registering precompiled user dll's ...
Registered in 0.006741 seconds.
Begin MonoManager ReloadAssembly
Native extension for WindowsStandalone target not found
Native extension for WebGL target not found
Refreshing native plugins compatible for Editor in 0.11 ms, found 0 plugins.
Preloading 0 native plugins for Editor in 0.00 ms.
Mono: successfully reloaded assembly
- Completed reload, in  0.460 seconds
Domain Reload Profiling:
	ReloadAssembly (461ms)
		BeginReloadAssembly (100ms)
			ExecutionOrderSort (0ms)
			DisableScriptedObjects (5ms)
			BackupInstance (0ms)
			ReleaseScriptingObjects (0ms)
			CreateAndSetChildDomain (18ms)
		EndReloadAssembly (304ms)
			LoadAssemblies (57ms)
			RebuildTransferFunctionScriptingTraits (0ms)
			SetupTypeCache (96ms)
			ReleaseScriptCaches (0ms)
			RebuildScriptCaches (16ms)
			SetupLoadedEditorAssemblies (80ms)
				LogAssemblyErrors (0ms)
				InitializePlatformSupportModulesInManaged (8ms)
				SetLoadedEditorAssemblies (0ms)
				RefreshPlugins (0ms)
				BeforeProcessingInitializeOnLoad (8ms)
				ProcessInitializeOnLoadAttributes (50ms)
				ProcessInitializeOnLoadMethodAttributes (12ms)
				AfterProcessingInitializeOnLoad (2ms)
				EditorAssembliesLoaded (0ms)
			ExecutionOrderSort2 (0ms)
			AwakeInstancesAfterBackupRestoration (14ms)
Platform modules already initialized, skipping
Refreshing native plugins compatible for Editor in 0.17 ms, found 0 plugins.
Preloading 0 native plugins for Editor in 0.00 ms.
Unloading 53 Unused Serialized files (Serialized files now loaded: 0)
Unloading 25 unused Assets / (31.8 KB). Loaded Objects now: 1167.
Memory consumption went from 44.4 MB to 44.4 MB.
Total: 1.472500 ms (FindLiveObjects: 0.067400 ms CreateObjectMapping: 0.006800 ms MarkObjects: 1.384100 ms  DeleteObjects: 0.013400 ms)

AssetImportParameters requested are different than current active one (requested -> active):
  custom:video-decoder-ogg-theora: a1e56fd34408186e4bbccfd4996cb3dc -> 
  custom:container-muxer-webm: aa71ff27fc2769a1b78a27578f13a17b -> 
  custom:container-demuxer-webm: 4f35f7cbe854078d1ac9338744f61a02 -> 
  custom:video-encoder-webm-vp8: eb34c28f22e8b96e1ab97ce403110664 -> 
  custom:video-codec-MediaFoundation-h265: 746d11721c4dcdbdad8f713fa42b33f4 -> 
  custom:audio-encoder-webm-vorbis: bf7c407c2cedff20999df2af8eb42d56 -> 
  custom:framework-win-MediaFoundation: 216162199b28c13a410421893ffa2e32 -> 
  custom:container-demuxer-ogg: 62fdf1f143b41e24485cea50d1cbac27 -> 
  custom:video-decoder-webm-vp8: 9c59270c3fd7afecdb556c50c9e8de78 -> 
  custom:audio-decoder-ogg-vorbis: bf7c407c2cedff20999df2af8eb42d56 -> 
========================================================================
Received Prepare
Registering precompiled user dll's ...
Registered in 0.005723 seconds.
Begin MonoManager ReloadAssembly
Native extension for WindowsStandalone target not found
Native extension for WebGL target not found
Refreshing native plugins compatible for Editor in 0.22 ms, found 0 plugins.
Preloading 0 native plugins for Editor in 0.00 ms.
Mono: successfully reloaded assembly
- Completed reload, in  0.480 seconds
Domain Reload Profiling:
	ReloadAssembly (481ms)
		BeginReloadAssembly (109ms)
			ExecutionOrderSort (0ms)
			DisableScriptedObjects (6ms)
			BackupInstance (0ms)
			ReleaseScriptingObjects (0ms)
			CreateAndSetChildDomain (20ms)
		EndReloadAssembly (314ms)
			LoadAssemblies (62ms)
			RebuildTransferFunctionScriptingTraits (0ms)
			SetupTypeCache (102ms)
			ReleaseScriptCaches (0ms)
			RebuildScriptCaches (15ms)
			SetupLoadedEditorAssemblies (88ms)
				LogAssemblyErrors (0ms)
				InitializePlatformSupportModulesInManaged (10ms)
				SetLoadedEditorAssemblies (0ms)
				RefreshPlugins (0ms)
				BeforeProcessingInitializeOnLoad (9ms)
				ProcessInitializeOnLoadAttributes (55ms)
				ProcessInitializeOnLoadMethodAttributes (12ms)
				AfterProcessingInitializeOnLoad (1ms)
				EditorAssembliesLoaded (0ms)
			ExecutionOrderSort2 (0ms)
			AwakeInstancesAfterBackupRestoration (12ms)
Platform modules already initialized, skipping
Refreshing native plugins compatible for Editor in 0.12 ms, found 0 plugins.
Preloading 0 native plugins for Editor in 0.00 ms.
Unloading 53 Unused Serialized files (Serialized files now loaded: 0)
Unloading 25 unused Assets / (31.8 KB). Loaded Objects now: 1167.
Memory consumption went from 44.5 MB to 44.4 MB.
Total: 1.475100 ms (FindLiveObjects: 0.070200 ms CreateObjectMapping: 0.006700 ms MarkObjects: 1.386300 ms  DeleteObjects: 0.011400 ms)

AssetImportParameters requested are different than current active one (requested -> active):
  custom:video-decoder-ogg-theora: a1e56fd34408186e4bbccfd4996cb3dc -> 
  custom:container-muxer-webm: aa71ff27fc2769a1b78a27578f13a17b -> 
  custom:container-demuxer-webm: 4f35f7cbe854078d1ac9338744f61a02 -> 
  custom:video-encoder-webm-vp8: eb34c28f22e8b96e1ab97ce403110664 -> 
  custom:video-codec-MediaFoundation-h265: 746d11721c4dcdbdad8f713fa42b33f4 -> 
  custom:audio-encoder-webm-vorbis: bf7c407c2cedff20999df2af8eb42d56 -> 
  custom:framework-win-MediaFoundation: 216162199b28c13a410421893ffa2e32 -> 
  custom:container-demuxer-ogg: 62fdf1f143b41e24485cea50d1cbac27 -> 
  custom:video-decoder-webm-vp8: 9c59270c3fd7afecdb556c50c9e8de78 -> 
  custom:audio-decoder-ogg-vorbis: bf7c407c2cedff20999df2af8eb42d56 -> 
========================================================================
Received Prepare
Registering precompiled user dll's ...
Registered in 0.005554 seconds.
Begin MonoManager ReloadAssembly
Native extension for WindowsStandalone target not found
Native extension for WebGL target not found
Refreshing native plugins compatible for Editor in 0.21 ms, found 0 plugins.
Preloading 0 native plugins for Editor in 0.00 ms.
Mono: successfully reloaded assembly
- Completed reload, in  0.462 seconds
Domain Reload Profiling:
	ReloadAssembly (462ms)
		BeginReloadAssembly (91ms)
			ExecutionOrderSort (0ms)
			DisableScriptedObjects (5ms)
			BackupInstance (0ms)
			ReleaseScriptingObjects (0ms)
			CreateAndSetChildDomain (17ms)
		EndReloadAssembly (314ms)
			LoadAssemblies (62ms)
			RebuildTransferFunctionScriptingTraits (0ms)
			SetupTypeCache (99ms)
			ReleaseScriptCaches (0ms)
			RebuildScriptCaches (14ms)
			SetupLoadedEditorAssemblies (92ms)
				LogAssemblyErrors (0ms)
				InitializePlatformSupportModulesInManaged (9ms)
				SetLoadedEditorAssemblies (0ms)
				RefreshPlugins (0ms)
				BeforeProcessingInitializeOnLoad (9ms)
				ProcessInitializeOnLoadAttributes (58ms)
				ProcessInitializeOnLoadMethodAttributes (13ms)
				AfterProcessingInitializeOnLoad (2ms)
				EditorAssembliesLoaded (0ms)
			ExecutionOrderSort2 (0ms)
			AwakeInstancesAfterBackupRestoration (12ms)
Platform modules already initialized, skipping
Refreshing native plugins compatible for Editor in 0.28 ms, found 0 plugins.
Preloading 0 native plugins for Editor in 0.00 ms.
Unloading 53 Unused Serialized files (Serialized files now loaded: 0)
Unloading 25 unused Assets / (31.8 KB). Loaded Objects now: 1167.
Memory consumption went from 44.4 MB to 44.4 MB.
Total: 1.556000 ms (FindLiveObjects: 0.079500 ms CreateObjectMapping: 0.006900 ms MarkObjects: 1.457700 ms  DeleteObjects: 0.011200 ms)

AssetImportParameters requested are different than current active one (requested -> active):
  custom:video-decoder-ogg-theora: a1e56fd34408186e4bbccfd4996cb3dc -> 
  custom:container-muxer-webm: aa71ff27fc2769a1b78a27578f13a17b -> 
  custom:container-demuxer-webm: 4f35f7cbe854078d1ac9338744f61a02 -> 
  custom:video-encoder-webm-vp8: eb34c28f22e8b96e1ab97ce403110664 -> 
  custom:video-codec-MediaFoundation-h265: 746d11721c4dcdbdad8f713fa42b33f4 -> 
  custom:audio-encoder-webm-vorbis: bf7c407c2cedff20999df2af8eb42d56 -> 
  custom:framework-win-MediaFoundation: 216162199b28c13a410421893ffa2e32 -> 
  custom:container-demuxer-ogg: 62fdf1f143b41e24485cea50d1cbac27 -> 
  custom:video-decoder-webm-vp8: 9c59270c3fd7afecdb556c50c9e8de78 -> 
  custom:audio-decoder-ogg-vorbis: bf7c407c2cedff20999df2af8eb42d56 -> 
========================================================================
Received Import Request.
  Time since last request: 1022.538685 seconds.
  path: Assets/Sprite/output-onlinegiftools.gif
  artifactKey: Guid(de85734ecee1de34d917682b00760f1a) Importer(815301076,1909f56bfc062723c751e8b465ee728b)
Start importing Assets/Sprite/output-onlinegiftools.gif using Guid(de85734ecee1de34d917682b00760f1a) Importer(815301076,1909f56bfc062723c751e8b465ee728b)  -> (artifact id: '96ed6f4d74a0113640f7848a13018959') in 0.069518 seconds 
========================================================================
Received Import Request.
  Time since last request: 15.249977 seconds.
  path: Assets/Sprite/output-onlinegiftools.gif
  artifactKey: Guid(de85734ecee1de34d917682b00760f1a) Importer(815301076,1909f56bfc062723c751e8b465ee728b)
Start importing Assets/Sprite/output-onlinegiftools.gif using Guid(de85734ecee1de34d917682b00760f1a) Importer(815301076,1909f56bfc062723c751e8b465ee728b)  -> (artifact id: 'ad8104bef5590ce8e7fe2c53c51c281a') in 0.107064 seconds 
========================================================================
Received Prepare
Registering precompiled user dll's ...
Registered in 0.005232 seconds.
Begin MonoManager ReloadAssembly
Native extension for WindowsStandalone target not found
Native extension for WebGL target not found
Refreshing native plugins compatible for Editor in 0.20 ms, found 0 plugins.
Preloading 0 native plugins for Editor in 0.00 ms.
Mono: successfully reloaded assembly
- Completed reload, in  0.454 seconds
Domain Reload Profiling:
	ReloadAssembly (455ms)
		BeginReloadAssembly (94ms)
			ExecutionOrderSort (0ms)
			DisableScriptedObjects (10ms)
			BackupInstance (0ms)
			ReleaseScriptingObjects (0ms)
			CreateAndSetChildDomain (21ms)
		EndReloadAssembly (298ms)
			LoadAssemblies (53ms)
			RebuildTransferFunctionScriptingTraits (0ms)
			SetupTypeCache (89ms)
			ReleaseScriptCaches (0ms)
			RebuildScriptCaches (14ms)
			SetupLoadedEditorAssemblies (92ms)
				LogAssemblyErrors (0ms)
				InitializePlatformSupportModulesInManaged (9ms)
				SetLoadedEditorAssemblies (0ms)
				RefreshPlugins (0ms)
				BeforeProcessingInitializeOnLoad (11ms)
				ProcessInitializeOnLoadAttributes (58ms)
				ProcessInitializeOnLoadMethodAttributes (12ms)
				AfterProcessingInitializeOnLoad (2ms)
				EditorAssembliesLoaded (0ms)
			ExecutionOrderSort2 (0ms)
			AwakeInstancesAfterBackupRestoration (12ms)
Platform modules already initialized, skipping
Refreshing native plugins compatible for Editor in 0.24 ms, found 0 plugins.
Preloading 0 native plugins for Editor in 0.00 ms.
Unloading 54 Unused Serialized files (Serialized files now loaded: 0)
Unloading 25 unused Assets / (31.8 KB). Loaded Objects now: 1198.
Memory consumption went from 46.4 MB to 46.3 MB.
Total: 4.106900 ms (FindLiveObjects: 0.129300 ms CreateObjectMapping: 0.010200 ms MarkObjects: 3.949400 ms  DeleteObjects: 0.017100 ms)

AssetImportParameters requested are different than current active one (requested -> active):
  custom:video-decoder-ogg-theora: a1e56fd34408186e4bbccfd4996cb3dc -> 
  custom:container-muxer-webm: aa71ff27fc2769a1b78a27578f13a17b -> 
  custom:container-demuxer-webm: 4f35f7cbe854078d1ac9338744f61a02 -> 
  custom:video-encoder-webm-vp8: eb34c28f22e8b96e1ab97ce403110664 -> 
  custom:video-codec-MediaFoundation-h265: 746d11721c4dcdbdad8f713fa42b33f4 -> 
  custom:audio-encoder-webm-vorbis: bf7c407c2cedff20999df2af8eb42d56 -> 
  custom:framework-win-MediaFoundation: 216162199b28c13a410421893ffa2e32 -> 
  custom:container-demuxer-ogg: 62fdf1f143b41e24485cea50d1cbac27 -> 
  custom:video-decoder-webm-vp8: 9c59270c3fd7afecdb556c50c9e8de78 -> 
  custom:audio-decoder-ogg-vorbis: bf7c407c2cedff20999df2af8eb42d56 -> 
========================================================================
Received Prepare
Registering precompiled user dll's ...
Registered in 0.005689 seconds.
Begin MonoManager ReloadAssembly
Native extension for WindowsStandalone target not found
Native extension for WebGL target not found
Refreshing native plugins compatible for Editor in 0.20 ms, found 0 plugins.
Preloading 0 native plugins for Editor in 0.00 ms.
Mono: successfully reloaded assembly
- Completed reload, in  0.459 seconds
Domain Reload Profiling:
	ReloadAssembly (460ms)
		BeginReloadAssembly (103ms)
			ExecutionOrderSort (0ms)
			DisableScriptedObjects (6ms)
			BackupInstance (0ms)
			ReleaseScriptingObjects (0ms)
			CreateAndSetChildDomain (18ms)
		EndReloadAssembly (301ms)
			LoadAssemblies (60ms)
			RebuildTransferFunctionScriptingTraits (0ms)
			SetupTypeCache (97ms)
			ReleaseScriptCaches (0ms)
			RebuildScriptCaches (15ms)
			SetupLoadedEditorAssemblies (84ms)
				LogAssemblyErrors (0ms)
				InitializePlatformSupportModulesInManaged (9ms)
				SetLoadedEditorAssemblies (0ms)
				RefreshPlugins (0ms)
				BeforeProcessingInitializeOnLoad (9ms)
				ProcessInitializeOnLoadAttributes (53ms)
				ProcessInitializeOnLoadMethodAttributes (11ms)
				AfterProcessingInitializeOnLoad (1ms)
				EditorAssembliesLoaded (0ms)
			ExecutionOrderSort2 (0ms)
			AwakeInstancesAfterBackupRestoration (16ms)
Platform modules already initialized, skipping
Refreshing native plugins compatible for Editor in 0.20 ms, found 0 plugins.
Preloading 0 native plugins for Editor in 0.00 ms.
Unloading 53 Unused Serialized files (Serialized files now loaded: 0)
Unloading 25 unused Assets / (32.8 KB). Loaded Objects now: 1198.
Memory consumption went from 46.3 MB to 46.3 MB.
Total: 1.805900 ms (FindLiveObjects: 0.177400 ms CreateObjectMapping: 0.014400 ms MarkObjects: 1.588900 ms  DeleteObjects: 0.024400 ms)

AssetImportParameters requested are different than current active one (requested -> active):
  custom:video-decoder-ogg-theora: a1e56fd34408186e4bbccfd4996cb3dc -> 
  custom:container-muxer-webm: aa71ff27fc2769a1b78a27578f13a17b -> 
  custom:container-demuxer-webm: 4f35f7cbe854078d1ac9338744f61a02 -> 
  custom:video-encoder-webm-vp8: eb34c28f22e8b96e1ab97ce403110664 -> 
  custom:video-codec-MediaFoundation-h265: 746d11721c4dcdbdad8f713fa42b33f4 -> 
  custom:audio-encoder-webm-vorbis: bf7c407c2cedff20999df2af8eb42d56 -> 
  custom:framework-win-MediaFoundation: 216162199b28c13a410421893ffa2e32 -> 
  custom:container-demuxer-ogg: 62fdf1f143b41e24485cea50d1cbac27 -> 
  custom:video-decoder-webm-vp8: 9c59270c3fd7afecdb556c50c9e8de78 -> 
  custom:audio-decoder-ogg-vorbis: bf7c407c2cedff20999df2af8eb42d56 -> 
========================================================================
Received Prepare
Registering precompiled user dll's ...
Registered in 0.005812 seconds.
Begin MonoManager ReloadAssembly
Native extension for WindowsStandalone target not found
Native extension for WebGL target not found
Refreshing native plugins compatible for Editor in 0.12 ms, found 0 plugins.
Preloading 0 native plugins for Editor in 0.00 ms.
Mono: successfully reloaded assembly
- Completed reload, in  0.456 seconds
Domain Reload Profiling:
	ReloadAssembly (457ms)
		BeginReloadAssembly (98ms)
			ExecutionOrderSort (0ms)
			DisableScriptedObjects (6ms)
			BackupInstance (0ms)
			ReleaseScriptingObjects (0ms)
			CreateAndSetChildDomain (20ms)
		EndReloadAssembly (304ms)
			LoadAssemblies (60ms)
			RebuildTransferFunctionScriptingTraits (0ms)
			SetupTypeCache (99ms)
			ReleaseScriptCaches (0ms)
			RebuildScriptCaches (13ms)
			SetupLoadedEditorAssemblies (86ms)
				LogAssemblyErrors (0ms)
				InitializePlatformSupportModulesInManaged (9ms)
				SetLoadedEditorAssemblies (0ms)
				RefreshPlugins (0ms)
				BeforeProcessingInitializeOnLoad (9ms)
				ProcessInitializeOnLoadAttributes (54ms)
				ProcessInitializeOnLoadMethodAttributes (13ms)
				AfterProcessingInitializeOnLoad (2ms)
				EditorAssembliesLoaded (0ms)
			ExecutionOrderSort2 (0ms)
			AwakeInstancesAfterBackupRestoration (13ms)
Platform modules already initialized, skipping
Refreshing native plugins compatible for Editor in 0.11 ms, found 0 plugins.
Preloading 0 native plugins for Editor in 0.00 ms.
Unloading 53 Unused Serialized files (Serialized files now loaded: 0)
Unloading 25 unused Assets / (31.8 KB). Loaded Objects now: 1198.
Memory consumption went from 46.3 MB to 46.3 MB.
Total: 1.489800 ms (FindLiveObjects: 0.074600 ms CreateObjectMapping: 0.006700 ms MarkObjects: 1.396900 ms  DeleteObjects: 0.010900 ms)

AssetImportParameters requested are different than current active one (requested -> active):
  custom:video-decoder-ogg-theora: a1e56fd34408186e4bbccfd4996cb3dc -> 
  custom:container-muxer-webm: aa71ff27fc2769a1b78a27578f13a17b -> 
  custom:container-demuxer-webm: 4f35f7cbe854078d1ac9338744f61a02 -> 
  custom:video-encoder-webm-vp8: eb34c28f22e8b96e1ab97ce403110664 -> 
  custom:video-codec-MediaFoundation-h265: 746d11721c4dcdbdad8f713fa42b33f4 -> 
  custom:audio-encoder-webm-vorbis: bf7c407c2cedff20999df2af8eb42d56 -> 
  custom:framework-win-MediaFoundation: 216162199b28c13a410421893ffa2e32 -> 
  custom:container-demuxer-ogg: 62fdf1f143b41e24485cea50d1cbac27 -> 
  custom:video-decoder-webm-vp8: 9c59270c3fd7afecdb556c50c9e8de78 -> 
  custom:audio-decoder-ogg-vorbis: bf7c407c2cedff20999df2af8eb42d56 -> 
========================================================================
Received Prepare
Registering precompiled user dll's ...
Registered in 0.006057 seconds.
Begin MonoManager ReloadAssembly
Native extension for WindowsStandalone target not found
Native extension for WebGL target not found
Refreshing native plugins compatible for Editor in 0.13 ms, found 0 plugins.
Preloading 0 native plugins for Editor in 0.00 ms.
Mono: successfully reloaded assembly
- Completed reload, in  0.459 seconds
Domain Reload Profiling:
	ReloadAssembly (459ms)
		BeginReloadAssembly (93ms)
			ExecutionOrderSort (0ms)
			DisableScriptedObjects (8ms)
			BackupInstance (0ms)
			ReleaseScriptingObjects (0ms)
			CreateAndSetChildDomain (19ms)
		EndReloadAssembly (311ms)
			LoadAssemblies (55ms)
			RebuildTransferFunctionScriptingTraits (0ms)
			SetupTypeCache (94ms)
			ReleaseScriptCaches (0ms)
			RebuildScriptCaches (15ms)
			SetupLoadedEditorAssemblies (99ms)
				LogAssemblyErrors (0ms)
				InitializePlatformSupportModulesInManaged (9ms)
				SetLoadedEditorAssemblies (0ms)
				RefreshPlugins (0ms)
				BeforeProcessingInitializeOnLoad (10ms)
				ProcessInitializeOnLoadAttributes (66ms)
				ProcessInitializeOnLoadMethodAttributes (12ms)
				AfterProcessingInitializeOnLoad (2ms)
				EditorAssembliesLoaded (0ms)
			ExecutionOrderSort2 (0ms)
			AwakeInstancesAfterBackupRestoration (13ms)
Platform modules already initialized, skipping
Refreshing native plugins compatible for Editor in 0.19 ms, found 0 plugins.
Preloading 0 native plugins for Editor in 0.00 ms.
Unloading 53 Unused Serialized files (Serialized files now loaded: 0)
Unloading 25 unused Assets / (31.8 KB). Loaded Objects now: 1198.
Memory consumption went from 46.3 MB to 46.3 MB.
Total: 2.519700 ms (FindLiveObjects: 0.161400 ms CreateObjectMapping: 0.013200 ms MarkObjects: 2.328900 ms  DeleteObjects: 0.015600 ms)

AssetImportParameters requested are different than current active one (requested -> active):
  custom:video-decoder-ogg-theora: a1e56fd34408186e4bbccfd4996cb3dc -> 
  custom:container-muxer-webm: aa71ff27fc2769a1b78a27578f13a17b -> 
  custom:container-demuxer-webm: 4f35f7cbe854078d1ac9338744f61a02 -> 
  custom:video-encoder-webm-vp8: eb34c28f22e8b96e1ab97ce403110664 -> 
  custom:video-codec-MediaFoundation-h265: 746d11721c4dcdbdad8f713fa42b33f4 -> 
  custom:audio-encoder-webm-vorbis: bf7c407c2cedff20999df2af8eb42d56 -> 
  custom:framework-win-MediaFoundation: 216162199b28c13a410421893ffa2e32 -> 
  custom:container-demuxer-ogg: 62fdf1f143b41e24485cea50d1cbac27 -> 
  custom:video-decoder-webm-vp8: 9c59270c3fd7afecdb556c50c9e8de78 -> 
  custom:audio-decoder-ogg-vorbis: bf7c407c2cedff20999df2af8eb42d56 -> 
========================================================================
Received Prepare
Registering precompiled user dll's ...
Registered in 0.005918 seconds.
Begin MonoManager ReloadAssembly
Native extension for WindowsStandalone target not found
Native extension for WebGL target not found
Refreshing native plugins compatible for Editor in 0.13 ms, found 0 plugins.
Preloading 0 native plugins for Editor in 0.00 ms.
Mono: successfully reloaded assembly
- Completed reload, in  0.478 seconds
Domain Reload Profiling:
	ReloadAssembly (478ms)
		BeginReloadAssembly (99ms)
			ExecutionOrderSort (0ms)
			DisableScriptedObjects (7ms)
			BackupInstance (0ms)
			ReleaseScriptingObjects (0ms)
			CreateAndSetChildDomain (20ms)
		EndReloadAssembly (322ms)
			LoadAssemblies (61ms)
			RebuildTransferFunctionScriptingTraits (0ms)
			SetupTypeCache (100ms)
			ReleaseScriptCaches (0ms)
			RebuildScriptCaches (14ms)
			SetupLoadedEditorAssemblies (89ms)
				LogAssemblyErrors (0ms)
				InitializePlatformSupportModulesInManaged (9ms)
				SetLoadedEditorAssemblies (0ms)
				RefreshPlugins (0ms)
				BeforeProcessingInitializeOnLoad (11ms)
				ProcessInitializeOnLoadAttributes (55ms)
				ProcessInitializeOnLoadMethodAttributes (11ms)
				AfterProcessingInitializeOnLoad (2ms)
				EditorAssembliesLoaded (0ms)
			ExecutionOrderSort2 (0ms)
			AwakeInstancesAfterBackupRestoration (14ms)
Platform modules already initialized, skipping
Refreshing native plugins compatible for Editor in 0.11 ms, found 0 plugins.
Preloading 0 native plugins for Editor in 0.00 ms.
Unloading 53 Unused Serialized files (Serialized files now loaded: 0)
Unloading 25 unused Assets / (31.8 KB). Loaded Objects now: 1198.
Memory consumption went from 46.4 MB to 46.3 MB.
Total: 1.764900 ms (FindLiveObjects: 0.085000 ms CreateObjectMapping: 0.007900 ms MarkObjects: 1.654300 ms  DeleteObjects: 0.017200 ms)

AssetImportParameters requested are different than current active one (requested -> active):
  custom:video-decoder-ogg-theora: a1e56fd34408186e4bbccfd4996cb3dc -> 
  custom:container-muxer-webm: aa71ff27fc2769a1b78a27578f13a17b -> 
  custom:container-demuxer-webm: 4f35f7cbe854078d1ac9338744f61a02 -> 
  custom:video-encoder-webm-vp8: eb34c28f22e8b96e1ab97ce403110664 -> 
  custom:video-codec-MediaFoundation-h265: 746d11721c4dcdbdad8f713fa42b33f4 -> 
  custom:audio-encoder-webm-vorbis: bf7c407c2cedff20999df2af8eb42d56 -> 
  custom:framework-win-MediaFoundation: 216162199b28c13a410421893ffa2e32 -> 
  custom:container-demuxer-ogg: 62fdf1f143b41e24485cea50d1cbac27 -> 
  custom:video-decoder-webm-vp8: 9c59270c3fd7afecdb556c50c9e8de78 -> 
  custom:audio-decoder-ogg-vorbis: bf7c407c2cedff20999df2af8eb42d56 -> 
========================================================================
Received Prepare
Registering precompiled user dll's ...
Registered in 0.005707 seconds.
Begin MonoManager ReloadAssembly
Native extension for WindowsStandalone target not found
Native extension for WebGL target not found
Refreshing native plugins compatible for Editor in 0.12 ms, found 0 plugins.
Preloading 0 native plugins for Editor in 0.00 ms.
Mono: successfully reloaded assembly
- Completed reload, in  0.478 seconds
Domain Reload Profiling:
	ReloadAssembly (478ms)
		BeginReloadAssembly (97ms)
			ExecutionOrderSort (0ms)
			DisableScriptedObjects (7ms)
			BackupInstance (0ms)
			ReleaseScriptingObjects (0ms)
			CreateAndSetChildDomain (19ms)
		EndReloadAssembly (315ms)
			LoadAssemblies (63ms)
			RebuildTransferFunctionScriptingTraits (0ms)
			SetupTypeCache (100ms)
			ReleaseScriptCaches (0ms)
			RebuildScriptCaches (17ms)
			SetupLoadedEditorAssemblies (84ms)
				LogAssemblyErrors (0ms)
				InitializePlatformSupportModulesInManaged (8ms)
				SetLoadedEditorAssemblies (0ms)
				RefreshPlugins (0ms)
				BeforeProcessingInitializeOnLoad (9ms)
				ProcessInitializeOnLoadAttributes (54ms)
				ProcessInitializeOnLoadMethodAttributes (10ms)
				AfterProcessingInitializeOnLoad (1ms)
				EditorAssembliesLoaded (0ms)
			ExecutionOrderSort2 (0ms)
			AwakeInstancesAfterBackupRestoration (12ms)
Platform modules already initialized, skipping
Refreshing native plugins compatible for Editor in 0.18 ms, found 0 plugins.
Preloading 0 native plugins for Editor in 0.00 ms.
Unloading 53 Unused Serialized files (Serialized files now loaded: 0)
Unloading 25 unused Assets / (31.8 KB). Loaded Objects now: 1198.
Memory consumption went from 46.5 MB to 46.5 MB.
Total: 2.078600 ms (FindLiveObjects: 0.174900 ms CreateObjectMapping: 0.015800 ms MarkObjects: 1.875800 ms  DeleteObjects: 0.011300 ms)

AssetImportParameters requested are different than current active one (requested -> active):
  custom:video-decoder-ogg-theora: a1e56fd34408186e4bbccfd4996cb3dc -> 
  custom:container-muxer-webm: aa71ff27fc2769a1b78a27578f13a17b -> 
  custom:container-demuxer-webm: 4f35f7cbe854078d1ac9338744f61a02 -> 
  custom:video-encoder-webm-vp8: eb34c28f22e8b96e1ab97ce403110664 -> 
  custom:video-codec-MediaFoundation-h265: 746d11721c4dcdbdad8f713fa42b33f4 -> 
  custom:audio-encoder-webm-vorbis: bf7c407c2cedff20999df2af8eb42d56 -> 
  custom:framework-win-MediaFoundation: 216162199b28c13a410421893ffa2e32 -> 
  custom:container-demuxer-ogg: 62fdf1f143b41e24485cea50d1cbac27 -> 
  custom:video-decoder-webm-vp8: 9c59270c3fd7afecdb556c50c9e8de78 -> 
  custom:audio-decoder-ogg-vorbis: bf7c407c2cedff20999df2af8eb42d56 -> 
========================================================================
Received Prepare
Registering precompiled user dll's ...
Registered in 0.005716 seconds.
Begin MonoManager ReloadAssembly
Native extension for WindowsStandalone target not found
Native extension for WebGL target not found
Refreshing native plugins compatible for Editor in 0.12 ms, found 0 plugins.
Preloading 0 native plugins for Editor in 0.00 ms.
Mono: successfully reloaded assembly
- Completed reload, in  0.428 seconds
Domain Reload Profiling:
	ReloadAssembly (428ms)
		BeginReloadAssembly (99ms)
			ExecutionOrderSort (0ms)
			DisableScriptedObjects (8ms)
			BackupInstance (0ms)
			ReleaseScriptingObjects (0ms)
			CreateAndSetChildDomain (17ms)
		EndReloadAssembly (267ms)
			LoadAssemblies (64ms)
			RebuildTransferFunctionScriptingTraits (0ms)
			SetupTypeCache (81ms)
			ReleaseScriptCaches (0ms)
			RebuildScriptCaches (14ms)
			SetupLoadedEditorAssemblies (76ms)
				LogAssemblyErrors (0ms)
				InitializePlatformSupportModulesInManaged (7ms)
				SetLoadedEditorAssemblies (0ms)
				RefreshPlugins (0ms)
				BeforeProcessingInitializeOnLoad (8ms)
				ProcessInitializeOnLoadAttributes (49ms)
				ProcessInitializeOnLoadMethodAttributes (9ms)
				AfterProcessingInitializeOnLoad (1ms)
				EditorAssembliesLoaded (0ms)
			ExecutionOrderSort2 (0ms)
			AwakeInstancesAfterBackupRestoration (10ms)
Platform modules already initialized, skipping
Refreshing native plugins compatible for Editor in 0.11 ms, found 0 plugins.
Preloading 0 native plugins for Editor in 0.00 ms.
Unloading 53 Unused Serialized files (Serialized files now loaded: 0)
Unloading 25 unused Assets / (31.8 KB). Loaded Objects now: 1198.
Memory consumption went from 46.6 MB to 46.5 MB.
Total: 1.495300 ms (FindLiveObjects: 0.074500 ms CreateObjectMapping: 0.006900 ms MarkObjects: 1.401300 ms  DeleteObjects: 0.012000 ms)

AssetImportParameters requested are different than current active one (requested -> active):
  custom:video-decoder-ogg-theora: a1e56fd34408186e4bbccfd4996cb3dc -> 
  custom:container-muxer-webm: aa71ff27fc2769a1b78a27578f13a17b -> 
  custom:container-demuxer-webm: 4f35f7cbe854078d1ac9338744f61a02 -> 
  custom:video-encoder-webm-vp8: eb34c28f22e8b96e1ab97ce403110664 -> 
  custom:video-codec-MediaFoundation-h265: 746d11721c4dcdbdad8f713fa42b33f4 -> 
  custom:audio-encoder-webm-vorbis: bf7c407c2cedff20999df2af8eb42d56 -> 
  custom:framework-win-MediaFoundation: 216162199b28c13a410421893ffa2e32 -> 
  custom:container-demuxer-ogg: 62fdf1f143b41e24485cea50d1cbac27 -> 
  custom:video-decoder-webm-vp8: 9c59270c3fd7afecdb556c50c9e8de78 -> 
  custom:audio-decoder-ogg-vorbis: bf7c407c2cedff20999df2af8eb42d56 -> 
